arm,split,row,pair,part,label,klass,settles_at,delta,se,u60,u120,u300,u540,sd60,sd120,sd300,sd540,c60,c120,c300,c540
shape-free,hc_context_drift,0,0,hc_context_drift_p0,1,early,120,0.0526,0.0263,0.645,0.996,0.9649,0.962,0.3449,0.0118,0.1209,0.1174,0.9062,1.0,1.0,1.0
shape-free,hc_context_drift,1,0,hc_context_drift_p0,0,late,300,0.0327,0.0164,0.7816,0.9468,0.9895,0.9884,0.2438,0.0806,0.0263,0.0194,0.9062,1.0,1.0,1.0
shape-free,hc_context_drift,2,1,hc_context_drift_p0,1,early,120,0.0328,0.0164,0.6728,0.9998,0.9998,0.9998,0.3681,0.0009,0.0009,0.0009,0.8438,1.0,1.0,1.0
shape-free,hc_context_drift,3,1,hc_context_drift_p0,0,late,300,0.03,0.0134,0.8175,0.9385,0.9918,0.9919,0.2055,0.0742,0.0108,0.0123,0.8438,1.0,1.0,1.0
shape-free,hc_context_drift,4,2,hc_context_drift_p0,1,early,120,0.0342,0.0171,0.6453,0.9707,0.9998,0.9998,0.2913,0.0936,0.0009,0.0009,0.875,1.0,1.0,1.0
shape-free,hc_context_drift,5,2,hc_context_drift_p0,0,late,300,0.0349,0.0175,0.7664,0.9323,0.9808,0.9762,0.23,0.0957,0.0356,0.034,0.875,1.0,1.0,1.0
shape-free,hc_context_drift,6,3,hc_context_drift_p0,1,early,120,0.0626,0.0313,0.5081,0.9145,0.9597,0.9766,0.3058,0.1854,0.1174,0.1,0.875,1.0,1.0,1.0
shape-free,hc_context_drift,7,3,hc_context_drift_p0,0,late,300,0.03,0.0148,0.7853,0.9592,0.9976,0.9965,0.2514,0.0698,0.0054,0.0073,0.875,1.0,1.0,1.0
shape-free,hc_context_drift,8,4,hc_context_drift_p1,1,early,120,0.048,0.024,0.4736,0.9551,0.9992,0.9986,0.3876,0.1446,0.0037,0.0073,0.9688,1.0,1.0,1.0
shape-free,hc_context_drift,9,4,hc_context_drift_p1,0,early,120,0.03,0.0075,0.9088,0.9821,0.9963,0.996,0.1135,0.0362,0.0093,0.0113,0.9688,1.0,1.0,1.0
shape-free,hc_context_drift,10,5,hc_context_drift_p2,1,declining,540,0.108,0.054,0.4166,0.5034,0.5045,0.3731,0.2793,0.332,0.3173,0.2932,0.6875,1.0,1.0,0.9375
shape-free,hc_context_drift,11,5,hc_context_drift_p2,0,early,120,0.03,0.0122,0.7679,0.9942,0.9973,0.9997,0.2564,0.0102,0.0087,0.0013,0.6875,1.0,1.0,0.9375
shape-free,hc_context_drift,12,6,hc_context_drift_p2,1,late,300,0.0926,0.0463,0.3072,0.5794,0.8727,0.9167,0.2754,0.388,0.2243,0.1601,0.8125,1.0,1.0,1.0
shape-free,hc_context_drift,13,6,hc_context_drift_p2,0,early,120,0.03,0.0088,0.8607,0.9998,1.0,1.0,0.1971,0.0009,0.0,0.0,0.8125,1.0,1.0,1.0
shape-free,hc_context_drift,14,7,hc_context_drift_p2,1,early,120,0.1035,0.0518,0.4525,0.6591,0.7534,0.7015,0.2903,0.3143,0.2818,0.2847,0.875,1.0,1.0,1.0
shape-free,hc_context_drift,15,7,hc_context_drift_p2,0,early,120,0.03,0.0137,0.7428,0.981,0.9892,0.9945,0.2561,0.0257,0.0227,0.0065,0.875,1.0,1.0,1.0
shape-free,hc_context_drift,16,8,hc_context_drift_p0,1,early,120,0.0411,0.0206,0.6748,0.9534,0.9737,0.9689,0.2605,0.0736,0.0492,0.0819,0.6875,0.9688,1.0,1.0
shape-free,hc_context_drift,17,8,hc_context_drift_p0,0,late,300,0.0581,0.0291,0.5842,0.8626,0.9352,0.9349,0.3042,0.1959,0.0836,0.0739,0.6875,0.9688,1.0,1.0
shape-free,hc_context_drift,18,9,hc_context_drift_p3,1,early,120,0.03,0.0128,0.7651,0.9998,0.9989,0.9979,0.2731,0.0009,0.0055,0.0109,0.75,1.0,1.0,1.0
shape-free,hc_context_drift,19,9,hc_context_drift_p3,0,late,300,0.0386,0.0193,0.6163,0.9162,0.9816,0.9824,0.2717,0.1036,0.0303,0.0308,0.75,1.0,1.0,1.0
shape-free,hc_context_drift,20,10,hc_context_drift_p2,1,early,120,0.0318,0.0159,0.7192,0.9886,0.9973,0.9944,0.3103,0.0305,0.0069,0.0126,0.8438,1.0,1.0,1.0
shape-free,hc_context_drift,21,10,hc_context_drift_p2,0,early,120,0.0644,0.0322,0.5649,0.8523,0.871,0.8731,0.2717,0.1825,0.1547,0.1203,0.8438,1.0,1.0,1.0
shape-free,hc_context_drift,22,11,hc_context_drift_p2,1,early,120,0.0364,0.0182,0.7373,0.9634,0.9905,0.9803,0.2921,0.0769,0.0166,0.0257,0.8438,1.0,1.0,1.0
shape-free,hc_context_drift,23,11,hc_context_drift_p2,0,early,120,0.0583,0.0291,0.5791,0.9204,0.8803,0.8955,0.3051,0.0942,0.1544,0.1058,0.8438,1.0,1.0,1.0
shape-free,hc_context_drift,24,12,hc_context_drift_p2,1,late,300,0.0612,0.0306,0.6215,0.7495,0.9407,0.9512,0.2995,0.242,0.0941,0.0568,0.5625,1.0,1.0,1.0
shape-free,hc_context_drift,25,12,hc_context_drift_p2,0,early,120,0.0502,0.0251,0.5987,0.9451,0.9275,0.9642,0.3261,0.0831,0.1144,0.0446,0.5625,1.0,1.0,1.0
shape-free,hc_context_drift,26,13,hc_context_drift_p1,1,early,120,0.0311,0.0156,0.6393,0.9992,0.9994,0.9998,0.3459,0.0027,0.0029,0.0009,0.7812,1.0,1.0,1.0
shape-free,hc_context_drift,27,13,hc_context_drift_p1,0,late,300,0.0308,0.0154,0.804,0.9551,0.9939,0.9899,0.2137,0.0831,0.0188,0.0332,0.7812,1.0,1.0,1.0
shape-free,hc_context_drift,28,14,hc_context_drift_p1,1,late,300,0.0348,0.0174,0.6756,0.9636,0.9965,0.9992,0.2879,0.0897,0.0124,0.0037,0.75,1.0,1.0,1.0
shape-free,hc_context_drift,29,14,hc_context_drift_p1,0,early,120,0.0529,0.0265,0.6448,0.9116,0.9625,0.9583,0.3014,0.1308,0.0742,0.0921,0.75,1.0,1.0,1.0
shape-free,hc_context_drift,30,15,hc_context_drift_p1,1,early,120,0.03,0.0135,0.7693,0.9863,0.9995,0.9995,0.2664,0.0341,0.002,0.002,0.75,1.0,1.0,1.0
shape-free,hc_context_drift,31,15,hc_context_drift_p1,0,early,120,0.0674,0.0337,0.5591,0.8665,0.9386,0.9265,0.3316,0.1922,0.1124,0.1263,0.75,1.0,1.0,1.0
shape-free,hc_context_drift,32,16,hc_context_drift_p0,1,early,120,0.03,0.0115,0.793,0.9998,0.9998,0.9998,0.2569,0.0009,0.0009,0.0009,0.7188,1.0,1.0,1.0
shape-free,hc_context_drift,33,16,hc_context_drift_p0,0,late,300,0.0545,0.0273,0.5862,0.8898,0.9562,0.9491,0.3117,0.183,0.0609,0.061,0.7188,1.0,1.0,1.0
shape-free,hc_context_drift,34,17,hc_context_drift_p0,1,early,120,0.03,0.0085,0.8454,0.9942,0.9998,0.9995,0.174,0.0147,0.0009,0.002,0.75,1.0,1.0,1.0
shape-free,hc_context_drift,35,17,hc_context_drift_p0,0,late,300,0.0656,0.0328,0.4435,0.8333,0.9159,0.9138,0.3199,0.2315,0.0966,0.0946,0.75,1.0,1.0,1.0
shape-free,hc_context_drift,36,18,hc_context_drift_p0,1,early,120,0.0369,0.0185,0.8106,0.9739,0.9393,0.9499,0.1887,0.0477,0.1126,0.0689,0.9375,1.0,1.0,1.0
shape-free,hc_context_drift,37,18,hc_context_drift_p0,0,late,300,0.0565,0.0282,0.4757,0.874,0.9646,0.9592,0.3268,0.2058,0.0485,0.0579,0.9375,1.0,1.0,1.0
shape-free,hc_context_drift,38,19,hc_context_drift_p3,1,early,120,0.0617,0.0308,0.7179,0.8085,0.8465,0.8663,0.2154,0.1896,0.1805,0.1124,0.5938,0.9688,1.0,1.0
shape-free,hc_context_drift,39,19,hc_context_drift_p3,0,late,300,0.0494,0.0247,0.5184,0.9035,0.9641,0.9563,0.3141,0.1186,0.0532,0.0731,0.5938,0.9688,1.0,1.0
shape-free,hc_context_drift,40,20,hc_context_drift_p3,1,late,300,0.0346,0.0173,0.783,0.9581,0.9812,0.9952,0.241,0.1006,0.0402,0.0099,0.625,0.9688,1.0,1.0
shape-free,hc_context_drift,41,20,hc_context_drift_p3,0,late,300,0.0587,0.0294,0.4584,0.8135,0.9203,0.899,0.2912,0.1665,0.0935,0.1134,0.625,0.9688,1.0,1.0
shape-free,hc_context_drift,42,21,hc_context_drift_p1,1,early,120,0.0417,0.0209,0.5894,0.9613,0.9887,0.9919,0.3322,0.0791,0.0296,0.0314,0.75,1.0,1.0,1.0
shape-free,hc_context_drift,43,21,hc_context_drift_p1,0,early,120,0.0334,0.0167,0.7708,0.9576,0.986,0.9786,0.2406,0.0793,0.0269,0.0304,0.75,1.0,1.0,1.0
shape-free,hc_context_drift,44,22,hc_context_drift_p1,1,early,120,0.0306,0.0153,0.7005,0.9754,0.9858,0.9958,0.2447,0.0548,0.0339,0.013,0.6875,1.0,1.0,1.0
shape-free,hc_context_drift,45,22,hc_context_drift_p1,0,early,120,0.0525,0.0263,0.5849,0.8876,0.9567,0.9375,0.2917,0.1687,0.0556,0.078,0.6875,1.0,1.0,1.0
shape-free,hc_context_drift,46,23,hc_context_drift_p3,1,early,120,0.0824,0.0412,0.5736,0.8104,0.8549,0.8428,0.2739,0.2375,0.2213,0.1997,0.7812,1.0,1.0,1.0
shape-free,hc_context_drift,47,23,hc_context_drift_p3,0,early,120,0.03,0.0138,0.712,0.9771,0.994,0.9915,0.2449,0.0387,0.0101,0.0198,0.7812,1.0,1.0,1.0
shape-free,hc_context_drift,48,24,hc_context_drift_p3,1,late,300,0.048,0.024,0.6646,0.8724,0.9762,0.9826,0.2503,0.2004,0.0449,0.0478,0.7812,1.0,1.0,1.0
shape-free,hc_context_drift,49,24,hc_context_drift_p3,0,early,120,0.0423,0.0212,0.6,0.9386,0.9665,0.9713,0.2892,0.0778,0.051,0.0611,0.7812,1.0,1.0,1.0
shape-free,hc_context_drift,50,25,hc_context_drift_p3,1,early,120,0.0448,0.0224,0.7315,0.9689,0.9861,0.9713,0.2993,0.0865,0.0331,0.0877,0.6875,1.0,1.0,1.0
shape-free,hc_context_drift,51,25,hc_context_drift_p3,0,early,120,0.0434,0.0217,0.6384,0.958,0.9844,0.9863,0.3388,0.0885,0.0391,0.0249,0.6875,1.0,1.0,1.0
shape-free,hc_context_drift,52,26,hc_context_drift_p3,1,early,120,0.0979,0.0489,0.4518,0.8682,0.8497,0.8594,0.3553,0.2336,0.2556,0.2631,0.9062,1.0,1.0,1.0
shape-free,hc_context_drift,53,26,hc_context_drift_p3,0,early,120,0.03,0.0124,0.8705,0.9865,0.9987,0.9974,0.2323,0.0385,0.0043,0.0052,0.9062,1.0,1.0,1.0
shape-free,hc_context_drift,54,27,hc_context_drift_p3,1,late,300,0.1003,0.0502,0.3504,0.5614,0.7418,0.8305,0.3032,0.3019,0.2995,0.2304,0.875,1.0,1.0,1.0
shape-free,hc_context_drift,55,27,hc_context_drift_p3,0,early,120,0.0342,0.0171,0.7846,0.9781,0.9957,0.995,0.3059,0.0508,0.0183,0.0117,0.875,1.0,1.0,1.0
shape-free,hc_context_drift,56,28,hc_context_drift_p2,1,late,300,0.0358,0.0179,0.6743,0.961,0.9998,0.9995,0.3041,0.0982,0.0009,0.002,0.7812,1.0,1.0,1.0
shape-free,hc_context_drift,57,28,hc_context_drift_p2,0,early,120,0.0309,0.0154,0.7257,0.9802,0.9802,0.9858,0.255,0.0325,0.0406,0.0212,0.7812,1.0,1.0,1.0
shape-free,hc_context_drift,58,29,hc_context_drift_p2,1,late,300,0.0481,0.0241,0.6223,0.9045,0.9994,0.9998,0.3168,0.224,0.0029,0.0009,0.8438,1.0,1.0,1.0
shape-free,hc_context_drift,59,29,hc_context_drift_p2,0,early,120,0.03,0.0129,0.7626,0.9858,0.9934,0.9965,0.2444,0.0265,0.0147,0.0061,0.8438,1.0,1.0,1.0
shape-free,hc_context_drift,60,30,hc_context_drift_p2,1,late,300,0.0471,0.0236,0.6387,0.9064,0.9953,0.9948,0.28,0.2071,0.0179,0.0282,0.8438,1.0,1.0,1.0
shape-free,hc_context_drift,61,30,hc_context_drift_p2,0,early,120,0.0309,0.0154,0.6949,0.9776,0.9858,0.9945,0.2711,0.0374,0.0341,0.0068,0.8438,1.0,1.0,1.0
shape-free,hc_context_drift,62,31,hc_context_drift_p2,1,early,120,0.0313,0.0157,0.6466,0.9995,0.9998,0.9998,0.3504,0.002,0.0009,0.0009,0.9062,1.0,1.0,1.0
shape-free,hc_context_drift,63,31,hc_context_drift_p2,0,early,120,0.03,0.0138,0.7716,0.9715,0.9882,0.9948,0.2152,0.0604,0.0277,0.0082,0.9062,1.0,1.0,1.0
shape-free,hc_context_drift,64,32,hc_context_drift_p2,1,late,300,0.048,0.024,0.5931,0.8926,0.9979,0.9986,0.295,0.2361,0.0067,0.0057,0.75,1.0,1.0,1.0
shape-free,hc_context_drift,65,32,hc_context_drift_p2,0,early,120,0.03,0.0148,0.7286,0.9716,0.9865,0.9932,0.2434,0.0436,0.0354,0.012,0.75,1.0,1.0,1.0
shape-free,hc_context_drift,66,33,hc_context_drift_p2,1,early,120,0.03,0.0115,0.8168,0.989,0.9992,0.9998,0.2196,0.0369,0.0037,0.0009,0.6875,1.0,1.0,1.0
shape-free,hc_context_drift,67,33,hc_context_drift_p2,0,early,120,0.0436,0.0218,0.5849,0.9436,0.9771,0.9845,0.3475,0.088,0.0343,0.0239,0.6875,1.0,1.0,1.0
shape-free,hc_context_drift,68,34,hc_context_drift_p2,1,late,300,0.0303,0.0151,0.7431,0.9311,0.9865,0.9963,0.1982,0.1048,0.0325,0.0072,0.625,1.0,1.0,1.0
shape-free,hc_context_drift,69,34,hc_context_drift_p2,0,early,120,0.0536,0.0268,0.5193,0.8924,0.932,0.9446,0.3182,0.1349,0.0901,0.0626,0.625,1.0,1.0,1.0
shape-free,hc_context_drift,70,35,hc_context_drift_p2,1,early,120,0.03,0.0107,0.8148,0.9982,0.9998,0.9998,0.2321,0.0075,0.0009,0.0009,0.9062,1.0,1.0,1.0
shape-free,hc_context_drift,71,35,hc_context_drift_p2,0,late,300,0.0435,0.0217,0.5878,0.9083,0.9612,0.9699,0.3219,0.0967,0.0424,0.031,0.9062,1.0,1.0,1.0
shape-free,hc_context_drift,72,36,hc_context_drift_p1,1,early,120,0.0637,0.0319,0.6016,0.9288,0.9773,0.9628,0.3726,0.1504,0.0694,0.1284,0.7812,1.0,1.0,1.0
shape-free,hc_context_drift,73,36,hc_context_drift_p1,0,late,300,0.0321,0.016,0.7431,0.9618,0.9961,0.9976,0.281,0.069,0.0073,0.0054,0.7812,1.0,1.0,1.0
shape-free,hc_context_drift,74,37,hc_context_drift_p1,1,early,120,0.0319,0.0159,0.7584,0.9834,0.9998,0.9998,0.2925,0.0663,0.0009,0.0009,0.8438,1.0,1.0,1.0
shape-free,hc_context_drift,75,37,hc_context_drift_p1,0,late,300,0.0436,0.0218,0.611,0.8781,0.957,0.9826,0.2967,0.1271,0.0494,0.0198,0.8438,1.0,1.0,1.0
shape-free,hc_context_drift,76,38,hc_context_drift_p2,1,late,300,0.0337,0.0169,0.7365,0.9436,0.9932,0.996,0.23,0.1185,0.0224,0.0107,0.7812,1.0,1.0,1.0
shape-free,hc_context_drift,77,38,hc_context_drift_p2,0,early,120,0.0413,0.0206,0.6213,0.9372,0.9576,0.9752,0.2777,0.0759,0.0791,0.0342,0.7812,1.0,1.0,1.0
shape-free,hc_context_drift,78,39,hc_context_drift_p2,1,late,300,0.0353,0.0177,0.7724,0.9013,0.9932,0.9969,0.1802,0.184,0.0265,0.0092,0.8438,1.0,1.0,1.0
shape-free,hc_context_drift,79,39,hc_context_drift_p2,0,late,300,0.044,0.022,0.5295,0.9228,0.956,0.9805,0.3149,0.0833,0.0743,0.0257,0.8438,1.0,1.0,1.0
shape-free,hc_context_drift,80,40,hc_context_drift_p3,1,early,120,0.0319,0.0159,0.6906,0.9998,0.9998,0.9995,0.3568,0.0009,0.0009,0.002,0.875,1.0,1.0,1.0
shape-free,hc_context_drift,81,40,hc_context_drift_p3,0,late,300,0.0483,0.0241,0.6936,0.8945,0.9646,0.9634,0.3003,0.1395,0.0521,0.0541,0.875,1.0,1.0,1.0
shape-free,hc_context_drift,82,41,hc_context_drift_p3,1,early,120,0.0353,0.0177,0.7821,0.9731,0.9721,0.9716,0.2454,0.0526,0.0564,0.0451,0.75,1.0,1.0,1.0
shape-free,hc_context_drift,83,41,hc_context_drift_p3,0,early,120,0.0615,0.0307,0.5329,0.8713,0.9341,0.9235,0.3111,0.1801,0.1048,0.0996,0.75,1.0,1.0,1.0
shape-free,hc_context_drift,84,42,hc_context_drift_p3,1,early,120,0.03,0.0142,0.7935,0.9721,0.9899,0.995,0.2246,0.0546,0.028,0.013,0.625,0.9688,1.0,1.0
shape-free,hc_context_drift,85,42,hc_context_drift_p3,0,late,300,0.0641,0.0321,0.4787,0.8483,0.9373,0.9291,0.3202,0.1907,0.1085,0.1063,0.625,0.9688,1.0,1.0
shape-free,hc_context_drift,86,43,hc_context_drift_p3,1,early,120,0.0357,0.0178,0.6434,0.9894,0.9998,0.996,0.3462,0.0348,0.0009,0.0219,0.875,1.0,1.0,1.0
shape-free,hc_context_drift,87,43,hc_context_drift_p3,0,early,120,0.0439,0.0219,0.7247,0.9243,0.9744,0.9675,0.2762,0.1216,0.0443,0.0543,0.875,1.0,1.0,1.0
shape-free,hc_context_drift,88,44,hc_context_drift_p2,1,early,120,0.038,0.019,0.763,0.9757,0.9853,0.9707,0.2754,0.0482,0.0279,0.0781,0.875,1.0,1.0,1.0
shape-free,hc_context_drift,89,44,hc_context_drift_p2,0,early,120,0.0596,0.0298,0.539,0.8541,0.8918,0.9016,0.3084,0.1324,0.1321,0.1016,0.875,1.0,1.0,1.0
shape-free,hc_context_drift,90,45,hc_context_drift_p2,1,late,300,0.0595,0.0297,0.5495,0.8334,0.934,0.9367,0.2781,0.1797,0.0976,0.1173,0.9375,1.0,1.0,1.0
shape-free,hc_context_drift,91,45,hc_context_drift_p2,0,late,300,0.0421,0.0211,0.698,0.9214,0.9486,0.9652,0.2607,0.0833,0.087,0.0456,0.9375,1.0,1.0,1.0
shape-free,hc_context_drift,92,46,hc_context_drift_p3,1,early,120,0.0487,0.0243,0.6247,0.982,0.9818,0.9678,0.3469,0.0594,0.0405,0.1037,0.7812,1.0,1.0,1.0
shape-free,hc_context_drift,93,46,hc_context_drift_p3,0,early,120,0.03,0.0128,0.7819,0.9876,0.9974,0.9981,0.2551,0.0246,0.0052,0.0047,0.7812,1.0,1.0,1.0
shape-free,hc_context_drift,94,47,hc_context_drift_p3,1,early,120,0.03,0.014,0.7236,0.9968,0.9986,0.9953,0.2803,0.0093,0.0057,0.0219,0.6875,1.0,1.0,1.0
shape-free,hc_context_drift,95,47,hc_context_drift_p3,0,late,300,0.0605,0.0302,0.6345,0.812,0.9059,0.9257,0.2803,0.2104,0.1256,0.0676,0.6875,1.0,1.0,1.0
shape-free,hc_context_drift,96,48,hc_context_drift_p3,1,late,300,0.061,0.0305,0.6008,0.9217,0.9803,0.9844,0.3404,0.204,0.0583,0.0875,0.8125,1.0,1.0,1.0
shape-free,hc_context_drift,97,48,hc_context_drift_p3,0,early,120,0.03,0.0143,0.7432,0.9921,0.9994,0.9992,0.2999,0.0195,0.0025,0.0027,0.8125,1.0,1.0,1.0
shape-free,hc_context_drift,98,49,hc_context_drift_p3,1,late,300,0.0446,0.0223,0.7007,0.885,0.9966,0.9995,0.2556,0.2361,0.0106,0.002,0.7188,1.0,1.0,1.0
shape-free,hc_context_drift,99,49,hc_context_drift_p3,0,early,120,0.0375,0.0188,0.6099,0.9705,0.9976,0.9965,0.345,0.062,0.0064,0.0112,0.7188,1.0,1.0,1.0
shape-free,hc_context_drift,100,50,hc_context_drift_p1,1,early,120,0.0377,0.0188,0.6034,0.9834,0.994,0.9916,0.3546,0.0401,0.0147,0.017,0.8125,1.0,1.0,1.0
shape-free,hc_context_drift,101,50,hc_context_drift_p1,0,early,120,0.0541,0.027,0.7271,0.8905,0.9204,0.8969,0.2545,0.1527,0.0918,0.1128,0.8125,1.0,1.0,1.0
shape-free,hc_context_drift,102,51,hc_context_drift_p1,1,late,300,0.0375,0.0188,0.5762,0.9552,0.9952,0.9992,0.3078,0.0962,0.0167,0.0037,0.8438,1.0,1.0,1.0
shape-free,hc_context_drift,103,51,hc_context_drift_p1,0,early,120,0.0488,0.0244,0.7237,0.9069,0.9243,0.9146,0.2435,0.1255,0.0849,0.0987,0.8438,1.0,1.0,1.0
shape-free,hc_context_drift,104,52,hc_context_drift_p0,1,late,300,0.065,0.0325,0.4601,0.8597,0.9293,0.9467,0.339,0.2112,0.1244,0.0603,0.6875,1.0,1.0,1.0
shape-free,hc_context_drift,105,52,hc_context_drift_p0,0,early,120,0.0417,0.0208,0.808,0.962,0.9625,0.9418,0.2419,0.0643,0.0876,0.0778,0.6875,1.0,1.0,1.0
shape-free,hc_context_drift,106,53,hc_context_drift_p0,1,late,300,0.0545,0.0273,0.525,0.8811,0.972,0.9879,0.3178,0.2104,0.0588,0.0298,0.7188,1.0,1.0,1.0
shape-free,hc_context_drift,107,53,hc_context_drift_p0,0,early,120,0.0357,0.0178,0.7399,0.9525,0.9749,0.976,0.2427,0.0701,0.0523,0.0383,0.7188,1.0,1.0,1.0
shape-free,hc_context_drift,108,54,hc_context_drift_p0,1,late,300,0.0777,0.0388,0.3967,0.4887,0.7254,0.7809,0.2899,0.2478,0.184,0.1574,0.7812,0.8125,1.0,0.9688
shape-free,hc_context_drift,109,54,hc_context_drift_p0,0,early,120,0.0384,0.0192,0.7816,0.9599,0.9691,0.9594,0.2562,0.0672,0.0529,0.0585,0.7812,0.8125,1.0,0.9688
shape-free,hc_context_drift,110,55,hc_context_drift_p0,1,early,120,0.03,0.0104,0.8059,0.9929,0.9989,0.9995,0.2068,0.0212,0.0055,0.002,0.875,0.9688,1.0,0.9688
shape-free,hc_context_drift,111,55,hc_context_drift_p0,0,early,120,0.0547,0.0273,0.5321,0.7176,0.7025,0.6778,0.28,0.1194,0.1093,0.1101,0.875,0.9688,1.0,0.9688
shape-free,hc_context_drift,112,56,hc_context_drift_p0,1,early,120,0.03,0.0098,0.8359,0.9998,0.9998,0.9998,0.2197,0.0009,0.0009,0.0009,0.6875,1.0,1.0,1.0
shape-free,hc_context_drift,113,56,hc_context_drift_p0,0,early,120,0.061,0.0305,0.5232,0.8458,0.8916,0.8976,0.3192,0.1481,0.1178,0.1048,0.6875,1.0,1.0,1.0
shape-free,hc_context_drift,114,57,hc_context_drift_p0,1,early,120,0.031,0.0155,0.7418,0.9725,0.9998,0.9998,0.2639,0.0854,0.0009,0.0009,0.7188,1.0,1.0,1.0
shape-free,hc_context_drift,115,57,hc_context_drift_p0,0,early,120,0.0554,0.0277,0.5991,0.8489,0.9079,0.9032,0.302,0.1465,0.0917,0.0862,0.7188,1.0,1.0,1.0
shape-free,hc_context_drift,116,58,hc_context_drift_p0,1,early,120,0.03,0.009,0.8368,0.996,0.9998,0.9998,0.1829,0.0201,0.0009,0.0009,0.75,1.0,1.0,1.0
shape-free,hc_context_drift,117,58,hc_context_drift_p0,0,late,300,0.0472,0.0236,0.5723,0.9145,0.963,0.9667,0.3249,0.0958,0.0497,0.0639,0.75,1.0,1.0,1.0
shape-free,hc_context_drift,118,59,hc_context_drift_p3,1,late,300,0.0382,0.0191,0.6534,0.9277,0.962,0.9783,0.258,0.0953,0.0546,0.0238,0.5938,0.9062,1.0,1.0
shape-free,hc_context_drift,119,59,hc_context_drift_p3,0,early,120,0.0583,0.0291,0.6033,0.8602,0.9328,0.9156,0.2867,0.1716,0.0851,0.1159,0.5938,0.9062,1.0,1.0
shape-free,hc_context_drift,120,60,hc_context_drift_p1,1,early,120,0.0307,0.0154,0.6809,0.9995,0.9998,0.9998,0.3438,0.002,0.0009,0.0009,0.7188,1.0,1.0,1.0
shape-free,hc_context_drift,121,60,hc_context_drift_p1,0,early,120,0.0394,0.0197,0.7513,0.9496,0.9668,0.9712,0.2887,0.0679,0.0496,0.0399,0.7188,1.0,1.0,1.0
shape-free,hc_context_drift,122,61,hc_context_drift_p1,1,late,300,0.0598,0.0299,0.6168,0.8114,0.9154,0.903,0.2807,0.1926,0.1041,0.0995,0.6562,0.9062,1.0,1.0
shape-free,hc_context_drift,123,61,hc_context_drift_p1,0,late,300,0.0507,0.0253,0.6105,0.9079,0.9523,0.9604,0.337,0.1065,0.0649,0.0648,0.6562,0.9062,1.0,1.0
shape-free,hc_context_drift,124,62,hc_context_drift_p1,1,early,120,0.0368,0.0184,0.7107,0.9763,0.9969,0.9989,0.3382,0.064,0.0115,0.0031,0.875,1.0,1.0,1.0
shape-free,hc_context_drift,125,62,hc_context_drift_p1,0,late,300,0.0676,0.0338,0.6002,0.8247,0.9164,0.8924,0.3572,0.1832,0.096,0.1281,0.875,1.0,1.0,1.0
shape-free,hc_context_drift,126,63,hc_context_drift_p1,1,late,300,0.0502,0.0251,0.6297,0.8924,0.9802,0.9924,0.2668,0.2184,0.0538,0.0287,0.7812,1.0,1.0,1.0
shape-free,hc_context_drift,127,63,hc_context_drift_p1,0,early,120,0.0388,0.0194,0.6562,0.9634,0.9903,0.9903,0.3362,0.07,0.0167,0.0164,0.7812,1.0,1.0,1.0
shape-free,hc_context_drift,128,64,hc_context_drift_p0,1,early,120,0.045,0.0225,0.6625,0.9716,0.9684,0.9654,0.2866,0.089,0.0637,0.0701,0.9062,1.0,1.0,0.9688
shape-free,hc_context_drift,129,64,hc_context_drift_p0,0,early,120,0.0469,0.0235,0.649,0.8313,0.8834,0.8544,0.2211,0.1809,0.0712,0.058,0.9062,1.0,1.0,0.9688
shape-free,hc_context_drift,130,65,hc_context_drift_p0,1,early,120,0.0353,0.0176,0.6964,0.9739,0.9979,0.9998,0.2863,0.1008,0.0109,0.0009,0.8125,1.0,1.0,1.0
shape-free,hc_context_drift,131,65,hc_context_drift_p0,0,early,120,0.0451,0.0225,0.6936,0.9203,0.9689,0.961,0.2431,0.1547,0.0578,0.0545,0.8125,1.0,1.0,1.0
shape-free,hc_context_drift,132,66,hc_context_drift_p0,1,early,120,0.03,0.0117,0.8065,0.9998,0.9995,0.9995,0.2602,0.0009,0.002,0.002,0.8125,1.0,1.0,1.0
shape-free,hc_context_drift,133,66,hc_context_drift_p0,0,early,120,0.0386,0.0193,0.5609,0.9573,0.9932,0.9958,0.3385,0.0716,0.0156,0.0114,0.8125,1.0,1.0,1.0
shape-free,hc_context_drift,134,67,hc_context_drift_p0,1,late,300,0.0782,0.0391,0.5132,0.8072,0.8858,0.9217,0.2836,0.2655,0.2007,0.1352,1.0,1.0,1.0,1.0
shape-free,hc_context_drift,135,67,hc_context_drift_p0,0,early,120,0.0306,0.0153,0.7274,0.9758,0.9918,0.9911,0.2638,0.0438,0.0138,0.0246,1.0,1.0,1.0,1.0
shape-free,hc_context_drift,136,68,hc_context_drift_p3,1,late,300,0.03,0.0145,0.7168,0.9546,0.9868,0.9921,0.2586,0.0515,0.0107,0.0073,0.625,0.875,1.0,0.9688
shape-free,hc_context_drift,137,68,hc_context_drift_p3,0,early,120,0.0764,0.0382,0.5082,0.7682,0.8096,0.7674,0.2701,0.2263,0.184,0.1842,0.625,0.875,1.0,0.9688
shape-free,hc_context_drift,138,69,hc_context_drift_p1,1,late,300,0.0466,0.0233,0.6933,0.8747,0.9889,0.9987,0.2644,0.228,0.0313,0.0032,0.75,1.0,1.0,1.0
shape-free,hc_context_drift,139,69,hc_context_drift_p1,0,early,120,0.0515,0.0257,0.5873,0.9418,0.9631,0.9768,0.3426,0.1028,0.0716,0.0655,0.75,1.0,1.0,1.0
shape-free,hc_context_drift,140,70,hc_context_drift_p3,1,early,120,0.0651,0.0325,0.6041,0.8669,0.8787,0.8563,0.2414,0.1875,0.1683,0.1391,0.6875,1.0,1.0,0.9688
shape-free,hc_context_drift,141,70,hc_context_drift_p3,0,late,300,0.0462,0.0231,0.6509,0.9074,0.9654,0.9617,0.2845,0.1325,0.0476,0.0579,0.6875,1.0,1.0,0.9688
shape-free,hc_context_drift,142,71,hc_context_drift_p3,1,early,120,0.03,0.0131,0.745,0.9847,0.9998,0.9998,0.2586,0.0364,0.0009,0.0009,0.7812,1.0,1.0,1.0
shape-free,hc_context_drift,143,71,hc_context_drift_p3,0,late,300,0.0518,0.0259,0.6197,0.8943,0.9494,0.9525,0.3147,0.1373,0.0618,0.0723,0.7812,1.0,1.0,1.0
shape-free,hc_context_drift,144,72,hc_context_drift_p3,1,early,120,0.0336,0.0168,0.6727,0.965,0.9918,0.9969,0.2505,0.0893,0.0276,0.0129,0.9062,1.0,1.0,1.0
shape-free,hc_context_drift,145,72,hc_context_drift_p3,0,late,300,0.0455,0.0228,0.6682,0.9009,0.9522,0.9557,0.2582,0.1323,0.0603,0.0645,0.9062,1.0,1.0,1.0
shape-free,hc_context_drift,146,73,hc_context_drift_p1,1,early,120,0.03,0.0115,0.8022,0.9998,0.9998,0.9995,0.2563,0.0009,0.0009,0.002,0.7188,1.0,1.0,1.0
shape-free,hc_context_drift,147,73,hc_context_drift_p1,0,early,120,0.0776,0.0388,0.5055,0.7534,0.8252,0.8088,0.295,0.2457,0.1798,0.1577,0.7188,1.0,1.0,1.0
shape-free,hc_context_drift,148,74,hc_context_drift_p1,1,early,120,0.03,0.0103,0.8516,0.999,0.9998,0.9998,0.2281,0.0028,0.0009,0.0009,0.75,1.0,1.0,1.0
shape-free,hc_context_drift,149,74,hc_context_drift_p1,0,early,120,0.0816,0.0408,0.4435,0.7413,0.8168,0.8109,0.3227,0.2503,0.1893,0.1608,0.75,1.0,1.0,1.0
shape-free,hc_context_drift,150,75,hc_context_drift_p1,1,early,120,0.0303,0.0151,0.7121,0.9998,0.9998,0.9998,0.34,0.0009,0.0009,0.0009,0.875,1.0,1.0,1.0
shape-free,hc_context_drift,151,75,hc_context_drift_p1,0,early,120,0.0303,0.0152,0.7542,0.9689,0.981,0.9797,0.2324,0.0494,0.0371,0.0245,0.875,1.0,1.0,1.0
shape-free,hc_context_drift,152,76,hc_context_drift_p1,1,early,120,0.0485,0.0242,0.5979,0.9576,0.9605,0.9639,0.3221,0.0746,0.0811,0.0707,0.7188,1.0,1.0,1.0
shape-free,hc_context_drift,153,76,hc_context_drift_p1,0,early,120,0.0431,0.0215,0.7429,0.9356,0.9697,0.9607,0.2584,0.1232,0.0463,0.0594,0.7188,1.0,1.0,1.0
shape-free,hc_context_drift,154,77,hc_context_drift_p1,1,declining,300,0.0631,0.0315,0.6716,0.9894,0.9209,0.8909,0.2965,0.0269,0.175,0.2151,0.9688,1.0,1.0,1.0
shape-free,hc_context_drift,155,77,hc_context_drift_p1,0,early,120,0.0334,0.0167,0.7234,0.9621,0.9928,0.995,0.2832,0.0683,0.0151,0.0112,0.9688,1.0,1.0,1.0
shape-free,hc_context_drift,156,78,hc_context_drift_p1,1,early,120,0.03,0.0136,0.7784,0.9823,0.9995,0.9995,0.2543,0.0488,0.002,0.002,0.625,1.0,1.0,1.0
shape-free,hc_context_drift,157,78,hc_context_drift_p1,0,early,120,0.0623,0.0312,0.5211,0.8771,0.9259,0.919,0.3342,0.1738,0.1011,0.0959,0.625,1.0,1.0,1.0
shape-free,hc_context_drift,158,79,hc_context_drift_p1,1,early,120,0.0348,0.0174,0.7734,0.9766,0.9989,0.9899,0.2451,0.0864,0.0055,0.0565,1.0,1.0,1.0,1.0
shape-free,hc_context_drift,159,79,hc_context_drift_p1,0,late,300,0.0413,0.0206,0.5881,0.9112,0.9659,0.9797,0.3164,0.092,0.0379,0.0207,1.0,1.0,1.0,1.0
shape-free,hc_context_drift,160,80,hc_context_drift_p2,1,declining,300,0.0526,0.0263,0.7009,0.9783,0.9291,0.8798,0.2794,0.0477,0.1332,0.135,0.875,1.0,0.9062,0.7188
shape-free,hc_context_drift,161,80,hc_context_drift_p2,0,late,300,0.0433,0.0216,0.6385,0.8697,0.9019,0.9141,0.2472,0.1006,0.0733,0.0683,0.875,1.0,0.9062,0.7188
shape-free,hc_context_drift,162,81,hc_context_drift_p1,1,early,120,0.0759,0.0379,0.412,0.7402,0.8072,0.7659,0.2189,0.2472,0.2017,0.1907,0.8438,1.0,1.0,1.0
shape-free,hc_context_drift,163,81,hc_context_drift_p1,0,early,120,0.03,0.0135,0.8077,0.9562,0.9839,0.9808,0.1797,0.0635,0.0239,0.0394,0.8438,1.0,1.0,1.0
shape-free,hc_context_drift,164,82,hc_context_drift_p2,1,early,120,0.0847,0.0424,0.3737,0.5688,0.624,0.6007,0.1992,0.264,0.2509,0.2444,0.6875,0.9375,1.0,1.0
shape-free,hc_context_drift,165,82,hc_context_drift_p2,0,early,120,0.03,0.0135,0.7734,0.9642,0.9928,0.9899,0.2239,0.0436,0.0116,0.027,0.6875,0.9375,1.0,1.0
shape-free,hc_context_drift,166,83,hc_context_drift_p0,1,early,120,0.0331,0.0166,0.6777,0.9998,0.9998,0.9998,0.3719,0.0009,0.0009,0.0009,0.75,1.0,1.0,1.0
shape-free,hc_context_drift,167,83,hc_context_drift_p0,0,early,120,0.0474,0.0237,0.7563,0.9373,0.9481,0.9294,0.2642,0.1079,0.0843,0.0799,0.75,1.0,1.0,1.0
shape-free,hc_context_drift,168,84,hc_context_drift_p3,1,declining,300,0.0565,0.0283,0.6601,0.9137,0.876,0.8246,0.2597,0.0989,0.1338,0.1469,0.75,1.0,1.0,0.9688
shape-free,hc_context_drift,169,84,hc_context_drift_p3,0,late,300,0.057,0.0285,0.5728,0.8582,0.9497,0.9488,0.3265,0.1779,0.0633,0.0771,0.75,1.0,1.0,0.9688
shape-free,hc_context_drift,170,85,hc_context_drift_p1,1,declining,300,0.0612,0.0306,0.6236,0.9125,0.845,0.8376,0.2536,0.1281,0.1787,0.1324,0.6562,1.0,1.0,1.0
shape-free,hc_context_drift,171,85,hc_context_drift_p1,0,late,300,0.041,0.0205,0.6701,0.8737,0.9468,0.943,0.2326,0.125,0.0512,0.0548,0.6562,1.0,1.0,1.0
shape-free,hc_context_drift,172,86,hc_context_drift_p0,1,early,120,0.0308,0.0154,0.7163,0.9699,0.9998,0.9995,0.2391,0.1061,0.0009,0.002,0.9062,1.0,1.0,1.0
shape-free,hc_context_drift,173,86,hc_context_drift_p0,0,early,120,0.0525,0.0262,0.6074,0.8795,0.9359,0.9282,0.2507,0.1692,0.0967,0.0774,0.9062,1.0,1.0,1.0
shape-free,hc_context_drift,174,87,hc_context_drift_p3,1,early,120,0.03,0.0124,0.7784,0.9979,0.9995,0.9969,0.2602,0.0061,0.002,0.0129,0.6875,1.0,1.0,1.0
shape-free,hc_context_drift,175,87,hc_context_drift_p3,0,late,300,0.0529,0.0264,0.5931,0.8982,0.9496,0.9544,0.3101,0.1432,0.082,0.0629,0.6875,1.0,1.0,1.0
shape-free,hc_context_drift,176,88,hc_context_drift_p0,1,early,120,0.03,0.0138,0.845,0.9783,0.9857,0.9776,0.2012,0.0564,0.0197,0.036,0.9688,1.0,1.0,1.0
shape-free,hc_context_drift,177,88,hc_context_drift_p0,0,late,300,0.0649,0.0324,0.3742,0.7796,0.8629,0.8521,0.2775,0.2132,0.1412,0.102,0.9688,1.0,1.0,1.0
shape-free,hc_context_drift,178,89,hc_context_drift_p2,1,early,120,0.0676,0.0338,0.5683,0.7329,0.808,0.7759,0.2923,0.2146,0.1318,0.1263,0.7812,0.9375,0.9688,0.9062
shape-free,hc_context_drift,179,89,hc_context_drift_p2,0,early,120,0.0528,0.0264,0.6467,0.9083,0.9204,0.9298,0.2921,0.0987,0.117,0.0896,0.7812,0.9375,0.9688,0.9062
shape-free,hc_context_drift,180,90,hc_context_drift_p0,1,early,120,0.0461,0.0231,0.7318,0.9367,0.9654,0.9667,0.2829,0.1076,0.0625,0.0691,0.8438,1.0,1.0,1.0
shape-free,hc_context_drift,181,90,hc_context_drift_p0,0,late,300,0.058,0.029,0.5118,0.885,0.9406,0.956,0.3365,0.1999,0.0683,0.0517,0.8438,1.0,1.0,1.0
shape-free,hc_context_drift,182,91,hc_context_drift_p0,1,early,120,0.03,0.013,0.7226,0.9998,0.9998,0.9998,0.2917,0.0009,0.0009,0.0009,0.875,1.0,1.0,1.0
shape-free,hc_context_drift,183,91,hc_context_drift_p0,0,early,120,0.0476,0.0238,0.7005,0.8932,0.9364,0.9402,0.2378,0.1413,0.0922,0.0673,0.875,1.0,1.0,1.0
shape-free,hc_context_drift,184,92,hc_context_drift_p2,1,late,300,0.0864,0.0432,0.4602,0.7793,0.9112,0.8929,0.2794,0.3188,0.1594,0.2196,0.875,1.0,1.0,1.0
shape-free,hc_context_drift,185,92,hc_context_drift_p2,0,early,120,0.03,0.0124,0.8051,0.9944,0.9979,0.9987,0.2606,0.0127,0.0041,0.0035,0.875,1.0,1.0,1.0
shape-free,hc_context_drift,186,93,hc_context_drift_p2,1,early,120,0.0372,0.0186,0.6661,0.9808,0.9881,0.9832,0.2744,0.0419,0.0366,0.0675,0.7812,1.0,1.0,1.0
shape-free,hc_context_drift,187,93,hc_context_drift_p2,0,late,300,0.0365,0.0183,0.7043,0.9294,0.9718,0.9853,0.217,0.1019,0.0698,0.0246,0.7812,1.0,1.0,1.0
shape-free,hc_context_drift,188,94,hc_context_drift_p2,1,late,300,0.0711,0.0355,0.5188,0.6535,0.8686,0.9056,0.2102,0.27,0.1662,0.1576,0.8438,0.9375,1.0,1.0
shape-free,hc_context_drift,189,94,hc_context_drift_p2,0,early,120,0.032,0.016,0.6935,0.9752,0.9807,0.9915,0.2687,0.0437,0.0369,0.0125,0.8438,0.9375,1.0,1.0
shape-free,hc_context_drift,190,95,hc_context_drift_p1,1,late,300,0.0336,0.0168,0.6137,0.9639,0.9995,0.9995,0.2843,0.0923,0.002,0.002,0.875,1.0,1.0,1.0
shape-free,hc_context_drift,191,95,hc_context_drift_p1,0,early,120,0.0389,0.0195,0.759,0.9369,0.953,0.9381,0.1903,0.093,0.0671,0.0899,0.875,1.0,1.0,1.0
shape-free,hc_context_drift,192,96,hc_context_drift_p3,1,late,300,0.1014,0.0507,0.309,0.6978,0.8273,0.8623,0.3062,0.331,0.2794,0.2309,0.7188,0.9688,1.0,1.0
shape-free,hc_context_drift,193,96,hc_context_drift_p3,0,early,120,0.03,0.0143,0.8455,0.9878,1.0,0.9982,0.2862,0.0336,0.0,0.0041,0.7188,0.9688,1.0,1.0
shape-free,oig_context_drift,0,0,oig_context_drift_p0,1,declining,540,0.0358,0.0179,0.8642,0.8574,0.9182,0.881,0.1288,0.1271,0.0693,0.0792,0.75,0.8125,0.9375,0.75
shape-free,oig_context_drift,1,0,oig_context_drift_p0,0,unsettled,540,0.0721,0.0361,0.3839,0.4691,0.7159,0.8905,0.2903,0.2423,0.2362,0.047,0.75,0.8125,0.9375,0.75
shape-free,oig_context_drift,2,1,oig_context_drift_p1,1,unsettled,540,0.0706,0.0353,0.4765,0.3866,0.7825,0.9813,0.2384,0.2777,0.2352,0.0472,0.7812,0.9375,1.0,1.0
shape-free,oig_context_drift,3,1,oig_context_drift_p1,0,late,300,0.0314,0.0157,0.7688,0.9404,0.9884,1.0,0.2366,0.0796,0.0394,0.0,0.7812,0.9375,1.0,1.0
shape-free,oig_context_drift,4,2,oig_context_drift_p1,1,unsettled,540,0.0494,0.0247,0.6471,0.7545,0.8312,0.9725,0.2446,0.1879,0.1023,0.0238,0.6562,0.7188,0.9375,1.0
shape-free,oig_context_drift,5,2,oig_context_drift_p1,0,unsettled,540,0.0544,0.0272,0.5515,0.5169,0.8283,0.9307,0.2494,0.2239,0.1141,0.0284,0.6562,0.7188,0.9375,1.0
shape-free,oig_context_drift,6,3,oig_context_drift_p0,1,unsettled,540,0.0618,0.0309,0.4671,0.5697,0.8947,1.0,0.2777,0.279,0.1424,0.0,1.0,1.0,1.0,1.0
shape-free,oig_context_drift,7,3,oig_context_drift_p0,0,early,120,0.03,0.0088,0.9241,0.9805,0.9974,0.9992,0.1506,0.038,0.0083,0.0032,1.0,1.0,1.0,1.0
shape-free,oig_context_drift,8,4,oig_context_drift_p0,1,late,300,0.0527,0.0263,0.5688,0.7635,0.9841,1.0,0.2833,0.2369,0.0756,0.0,0.8125,0.9375,1.0,1.0
shape-free,oig_context_drift,9,4,oig_context_drift_p0,0,unsettled,540,0.0606,0.0303,0.768,0.8156,0.8127,0.9225,0.2334,0.181,0.18,0.0908,0.8125,0.9375,1.0,1.0
shape-free,oig_context_drift,10,5,oig_context_drift_p2,1,unsettled,540,0.0434,0.0217,0.5818,0.595,0.8239,0.991,0.151,0.1802,0.1467,0.0135,0.75,0.625,1.0,1.0
shape-free,oig_context_drift,11,5,oig_context_drift_p2,0,late,300,0.0392,0.0196,0.6595,0.6861,0.9069,0.9333,0.1788,0.1793,0.0678,0.0178,0.75,0.625,1.0,1.0
shape-free,oig_context_drift,12,6,oig_context_drift_p0,1,late,300,0.03,0.0119,0.9248,0.9283,0.9955,1.0,0.1392,0.1216,0.0087,0.0,1.0,0.9688,1.0,1.0
shape-free,oig_context_drift,13,6,oig_context_drift_p0,0,late,300,0.0545,0.0273,0.6569,0.7101,0.9175,0.9636,0.2533,0.2173,0.1094,0.0371,1.0,0.9688,1.0,1.0
shape-free,oig_context_drift,14,7,oig_context_drift_p3,1,late,300,0.0542,0.0271,0.5926,0.5298,0.9633,1.0,0.2691,0.2699,0.0743,0.0,0.9688,1.0,1.0,1.0
shape-free,oig_context_drift,15,7,oig_context_drift_p3,0,late,300,0.03,0.0118,0.8228,0.9288,0.9945,0.9998,0.1649,0.0904,0.0105,0.0009,0.9688,1.0,1.0,1.0
shape-free,oig_context_drift,16,8,oig_context_drift_p0,1,late,300,0.03,0.0078,0.8531,0.9549,0.9974,1.0,0.1147,0.0582,0.0045,0.0,0.9375,1.0,1.0,1.0
shape-free,oig_context_drift,17,8,oig_context_drift_p0,0,unsettled,540,0.054,0.027,0.6387,0.6229,0.8019,0.9476,0.2364,0.2033,0.1381,0.0328,0.9375,1.0,1.0,1.0
shape-free,oig_context_drift,18,9,oig_context_drift_p2,1,late,300,0.03,0.0125,0.8774,0.9035,0.9965,1.0,0.1426,0.1282,0.0116,0.0,0.9688,1.0,1.0,1.0
shape-free,oig_context_drift,19,9,oig_context_drift_p2,0,unsettled,540,0.075,0.0375,0.4075,0.429,0.6537,0.7469,0.292,0.2718,0.2021,0.0822,0.9688,1.0,1.0,1.0
shape-free,oig_context_drift,20,10,oig_context_drift_p1,1,declining,540,0.0732,0.0366,0.6268,0.4617,0.4005,0.5486,0.2314,0.2095,0.225,0.1627,0.9375,0.8438,0.75,0.9688
shape-free,oig_context_drift,21,10,oig_context_drift_p1,0,late,300,0.0409,0.0204,0.6306,0.7909,0.9639,0.9834,0.2407,0.169,0.0297,0.0231,0.9375,0.8438,0.75,0.9688
shape-free,oig_context_drift,22,11,oig_context_drift_p1,1,late,300,0.0581,0.0291,0.4525,0.5543,0.9874,1.0,0.3382,0.2664,0.0528,0.0,0.9062,0.9688,1.0,1.0
shape-free,oig_context_drift,23,11,oig_context_drift_p1,0,late,300,0.043,0.0215,0.784,0.8603,0.9928,1.0,0.2858,0.1766,0.0243,0.0,0.9062,0.9688,1.0,1.0
shape-free,oig_context_drift,24,12,oig_context_drift_p0,1,late,300,0.0367,0.0184,0.6762,0.8188,0.9897,1.0,0.2472,0.1463,0.0219,0.0,1.0,1.0,1.0,1.0
shape-free,oig_context_drift,25,12,oig_context_drift_p0,0,unsettled,540,0.0507,0.0253,0.6495,0.6778,0.9332,0.9947,0.2698,0.246,0.0491,0.0085,1.0,1.0,1.0,1.0
shape-free,oig_context_drift,26,13,oig_context_drift_p1,1,unsettled,540,0.0596,0.0298,0.6738,0.6111,0.9156,1.0,0.263,0.3002,0.1117,0.0,0.75,0.8438,1.0,1.0
shape-free,oig_context_drift,27,13,oig_context_drift_p1,0,late,300,0.0552,0.0276,0.6055,0.7336,0.9774,0.9992,0.2894,0.2879,0.0425,0.0046,0.75,0.8438,1.0,1.0
shape-free,oig_context_drift,28,14,oig_context_drift_p1,1,late,300,0.0396,0.0198,0.6691,0.7701,0.9832,1.0,0.23,0.1922,0.0254,0.0,0.5938,0.75,1.0,1.0
shape-free,oig_context_drift,29,14,oig_context_drift_p1,0,unsettled,540,0.0765,0.0383,0.5483,0.6416,0.838,0.9771,0.3134,0.331,0.1947,0.0269,0.5938,0.75,1.0,1.0
shape-free,oig_context_drift,30,15,oig_context_drift_p0,1,unsettled,540,0.0323,0.0161,0.7146,0.8392,0.9512,0.9934,0.1866,0.1128,0.0532,0.0123,0.9062,1.0,0.9688,1.0
shape-free,oig_context_drift,31,15,oig_context_drift_p0,0,unsettled,540,0.0557,0.0278,0.7191,0.707,0.8521,0.9599,0.2677,0.2116,0.1272,0.0233,0.9062,1.0,0.9688,1.0
shape-free,oig_context_drift,32,16,oig_context_drift_p2,1,late,300,0.0415,0.0207,0.5493,0.8154,0.981,0.9994,0.2691,0.1663,0.0302,0.0036,0.8438,1.0,1.0,1.0
shape-free,oig_context_drift,33,16,oig_context_drift_p2,0,early,120,0.0339,0.0169,0.8486,0.8927,0.9071,0.9067,0.1686,0.0873,0.0739,0.0535,0.8438,1.0,1.0,1.0
shape-free,oig_context_drift,34,17,oig_context_drift_p2,1,late,300,0.0319,0.016,0.7266,0.8471,0.965,0.9882,0.1698,0.1187,0.057,0.0158,0.9688,0.9688,1.0,1.0
shape-free,oig_context_drift,35,17,oig_context_drift_p2,0,unsettled,540,0.052,0.026,0.5113,0.4133,0.6174,0.8758,0.1776,0.163,0.1823,0.0659,0.9688,0.9688,1.0,1.0
shape-free,oig_context_drift,36,18,oig_context_drift_p0,1,unsettled,540,0.0483,0.0241,0.6306,0.6285,0.8631,0.9936,0.202,0.1832,0.1417,0.0192,0.75,0.625,0.9688,1.0
shape-free,oig_context_drift,37,18,oig_context_drift_p0,0,unsettled,540,0.0491,0.0245,0.6023,0.635,0.836,0.8868,0.2164,0.223,0.0728,0.0429,0.75,0.625,0.9688,1.0
shape-free,oig_context_drift,38,19,oig_context_drift_p0,1,unsettled,540,0.0645,0.0323,0.6534,0.6239,0.7136,0.8423,0.2586,0.2217,0.1706,0.0792,0.6875,0.4688,0.7812,1.0
shape-free,oig_context_drift,39,19,oig_context_drift_p0,0,unsettled,540,0.065,0.0325,0.4973,0.5852,0.8133,0.9309,0.3082,0.2355,0.1575,0.0341,0.6875,0.4688,0.7812,1.0
shape-free,oig_context_drift,40,20,oig_context_drift_p1,1,unsettled,540,0.051,0.0255,0.711,0.6696,0.9375,1.0,0.2456,0.2604,0.0708,0.0,0.625,0.6562,1.0,1.0
shape-free,oig_context_drift,41,20,oig_context_drift_p1,0,unsettled,540,0.0708,0.0354,0.5045,0.6031,0.8731,0.9821,0.3157,0.322,0.1395,0.0235,0.625,0.6562,1.0,1.0
shape-free,oig_context_drift,42,21,oig_context_drift_p1,1,late,300,0.03,0.0078,0.8624,0.947,0.9981,1.0,0.1196,0.0468,0.0092,0.0,0.9375,0.9688,1.0,1.0
shape-free,oig_context_drift,43,21,oig_context_drift_p1,0,unsettled,540,0.0557,0.0278,0.4412,0.4064,0.7974,0.9621,0.248,0.1795,0.1788,0.0234,0.9375,0.9688,1.0,1.0
shape-free,oig_context_drift,44,22,oig_context_drift_p1,1,unsettled,540,0.0597,0.0298,0.317,0.4175,0.9232,1.0,0.2707,0.2892,0.1152,0.0,0.9062,0.9375,1.0,1.0
shape-free,oig_context_drift,45,22,oig_context_drift_p1,0,late,300,0.03,0.0099,0.8974,0.9452,0.9958,1.0,0.1427,0.0685,0.0131,0.0,0.9062,0.9375,1.0,1.0
shape-free,oig_context_drift,46,23,oig_context_drift_p1,1,late,300,0.03,0.0128,0.9225,0.8863,0.9688,0.9977,0.1052,0.1252,0.0517,0.0077,1.0,1.0,1.0,1.0
shape-free,oig_context_drift,47,23,oig_context_drift_p1,0,unsettled,540,0.0632,0.0316,0.2313,0.4161,0.7159,0.9536,0.2112,0.2667,0.1894,0.0473,1.0,1.0,1.0,1.0
shape-free,oig_context_drift,48,24,oig_context_drift_p3,1,unsettled,540,0.0543,0.0271,0.6453,0.6408,0.8457,0.9902,0.2511,0.1797,0.1593,0.0241,0.7812,0.875,0.9375,1.0
shape-free,oig_context_drift,49,24,oig_context_drift_p3,0,late,300,0.0539,0.027,0.5736,0.6809,0.8197,0.8115,0.2591,0.1798,0.0956,0.0755,0.7812,0.875,0.9375,1.0
shape-free,oig_context_drift,50,25,oig_context_drift_p2,1,unsettled,540,0.0616,0.0308,0.5016,0.4731,0.7421,0.9375,0.2482,0.2171,0.1836,0.048,0.6562,0.6875,0.8438,0.625
shape-free,oig_context_drift,51,25,oig_context_drift_p2,0,late,300,0.0433,0.0217,0.731,0.778,0.8568,0.8378,0.2156,0.1601,0.066,0.0482,0.6562,0.6875,0.8438,0.625
shape-free,oig_context_drift,52,26,oig_context_drift_p3,1,unsettled,540,0.03,0.0131,0.9006,0.8784,0.963,0.9948,0.1028,0.1353,0.0488,0.0101,1.0,1.0,1.0,1.0
shape-free,oig_context_drift,53,26,oig_context_drift_p3,0,unsettled,540,0.0585,0.0293,0.3708,0.4341,0.8636,0.9488,0.2382,0.2602,0.1181,0.0457,1.0,1.0,1.0,1.0
shape-free,oig_context_drift,54,27,oig_context_drift_p1,1,late,300,0.03,0.01,0.8328,0.9211,0.9837,0.9958,0.1157,0.0771,0.0235,0.0094,1.0,1.0,1.0,1.0
shape-free,oig_context_drift,55,27,oig_context_drift_p1,0,unsettled,540,0.0434,0.0217,0.6203,0.5622,0.9098,0.9625,0.2034,0.2084,0.0527,0.0268,1.0,1.0,1.0,1.0
shape-free,oig_context_drift,56,28,oig_context_drift_p2,1,unsettled,540,0.05,0.025,0.6467,0.6517,0.8995,0.9947,0.2155,0.2257,0.1071,0.0178,0.9688,0.9688,1.0,1.0
shape-free,oig_context_drift,57,28,oig_context_drift_p2,0,unsettled,540,0.0468,0.0234,0.6442,0.6972,0.9285,0.9881,0.2216,0.2306,0.0585,0.0187,0.9688,0.9688,1.0,1.0
shape-free,oig_context_drift,58,29,oig_context_drift_p1,1,late,300,0.0426,0.0213,0.6013,0.706,0.9702,1.0,0.222,0.1967,0.063,0.0,0.9688,1.0,1.0,1.0
shape-free,oig_context_drift,59,29,oig_context_drift_p1,0,declining,540,0.0431,0.0216,0.7305,0.7916,0.9665,0.9183,0.2144,0.1742,0.0393,0.06,0.9688,1.0,1.0,1.0
shape-free,oig_context_drift,60,30,oig_context_drift_p2,1,unsettled,540,0.03,0.0133,0.7977,0.8692,0.9457,0.991,0.1558,0.0878,0.045,0.013,1.0,1.0,1.0,1.0
shape-free,oig_context_drift,61,30,oig_context_drift_p2,0,unsettled,540,0.0439,0.0219,0.6426,0.6656,0.9291,0.9958,0.2264,0.2015,0.0591,0.0091,1.0,1.0,1.0,1.0
shape-free,oig_context_drift,62,31,oig_context_drift_p3,1,unsettled,540,0.0424,0.0212,0.6944,0.7055,0.9248,0.9961,0.1786,0.1752,0.1177,0.0086,1.0,0.9688,1.0,1.0
shape-free,oig_context_drift,63,31,oig_context_drift_p3,0,unsettled,540,0.0341,0.017,0.7265,0.8291,0.9167,0.9705,0.2055,0.0981,0.0637,0.0179,1.0,0.9688,1.0,1.0
shape-free,oig_context_drift,64,32,oig_context_drift_p1,1,unsettled,540,0.0565,0.0283,0.7221,0.63,0.8897,0.9997,0.228,0.2533,0.1562,0.0018,0.7188,0.625,0.875,1.0
shape-free,oig_context_drift,65,32,oig_context_drift_p1,0,unsettled,540,0.0665,0.0333,0.487,0.5894,0.8173,0.9641,0.2622,0.2615,0.1815,0.0477,0.7188,0.625,0.875,1.0
shape-free,oig_context_drift,66,33,oig_context_drift_p3,1,unsettled,540,0.0496,0.0248,0.6045,0.6542,0.9119,0.9994,0.2439,0.1863,0.1285,0.0025,0.6562,0.4375,0.9375,1.0
shape-free,oig_context_drift,67,33,oig_context_drift_p3,0,unsettled,540,0.0479,0.0239,0.6118,0.5888,0.7568,0.9183,0.211,0.1772,0.1181,0.035,0.6562,0.4375,0.9375,1.0
shape-free,oig_context_drift,68,34,oig_context_drift_p3,1,unsettled,540,0.0616,0.0308,0.3365,0.4212,0.828,0.999,0.2338,0.243,0.2175,0.0031,0.6875,0.875,0.9688,1.0
shape-free,oig_context_drift,69,34,oig_context_drift_p3,0,late,300,0.03,0.0132,0.8976,0.9214,0.9671,0.9916,0.1273,0.1068,0.0521,0.0121,0.6875,0.875,0.9688,1.0
shape-free,oig_context_drift,70,35,oig_context_drift_p2,1,late,300,0.0743,0.0371,0.3204,0.3117,0.5496,0.5689,0.2925,0.233,0.1774,0.1372,0.9688,0.8438,0.4688,0.125
shape-free,oig_context_drift,71,35,oig_context_drift_p2,0,declining,300,0.03,0.0098,0.9858,0.9528,0.8782,0.8829,0.0355,0.0645,0.0652,0.0573,0.9688,0.8438,0.4688,0.125
shape-free,oig_context_drift,72,36,oig_context_drift_p3,1,unsettled,540,0.0395,0.0198,0.6498,0.7587,0.9293,0.9799,0.2062,0.1404,0.0758,0.0247,0.875,0.75,0.9375,1.0
shape-free,oig_context_drift,73,36,oig_context_drift_p3,0,unsettled,540,0.0575,0.0287,0.63,0.5325,0.7155,0.8938,0.2489,0.1967,0.1534,0.0513,0.875,0.75,0.9375,1.0
shape-free,oig_context_drift,74,37,oig_context_drift_p1,1,unsettled,540,0.047,0.0235,0.6896,0.761,0.8921,0.9974,0.2168,0.1973,0.1103,0.0069,0.9375,1.0,1.0,1.0
shape-free,oig_context_drift,75,37,oig_context_drift_p1,0,late,300,0.0467,0.0233,0.6688,0.754,0.985,1.0,0.2648,0.2365,0.0268,0.0,0.9375,1.0,1.0,1.0
shape-free,oig_context_drift,76,38,oig_context_drift_p2,1,unsettled,540,0.0721,0.036,0.4697,0.4638,0.388,0.6322,0.2325,0.2353,0.2068,0.1407,0.9375,0.5625,0.125,0.0
shape-free,oig_context_drift,77,38,oig_context_drift_p2,0,declining,540,0.0408,0.0204,0.8165,0.7906,0.9112,0.8571,0.1589,0.1856,0.0487,0.0679,0.9375,0.5625,0.125,0.0
shape-free,oig_context_drift,78,39,oig_context_drift_p2,1,unsettled,540,0.0356,0.0178,0.7294,0.8007,0.9409,0.9783,0.1934,0.1365,0.0528,0.0197,0.8438,0.6562,0.8438,1.0
shape-free,oig_context_drift,79,39,oig_context_drift_p2,0,unsettled,540,0.0621,0.0311,0.5317,0.4517,0.6542,0.8909,0.2465,0.2033,0.2012,0.052,0.8438,0.6562,0.8438,1.0
shape-free,oig_context_drift,80,40,oig_context_drift_p0,1,unsettled,540,0.0679,0.0339,0.6398,0.5372,0.6466,0.8921,0.2794,0.2468,0.1662,0.0756,0.75,0.9062,0.9062,1.0
shape-free,oig_context_drift,81,40,oig_context_drift_p0,0,late,300,0.0476,0.0238,0.5559,0.7751,0.9154,0.9314,0.2729,0.1767,0.0618,0.0275,0.75,0.9062,0.9062,1.0
shape-free,oig_context_drift,82,41,oig_context_drift_p0,1,unsettled,540,0.0467,0.0234,0.7458,0.7458,0.8911,0.9997,0.2258,0.1864,0.1147,0.0018,0.4688,0.4062,0.8438,1.0
shape-free,oig_context_drift,83,41,oig_context_drift_p0,0,unsettled,540,0.0671,0.0336,0.4246,0.4227,0.8476,0.9876,0.2931,0.264,0.1858,0.0163,0.4688,0.4062,0.8438,1.0
shape-free,oig_context_drift,84,42,oig_context_drift_p1,1,unsettled,540,0.0532,0.0266,0.6902,0.7672,0.8563,0.9915,0.2358,0.1799,0.1458,0.0402,1.0,1.0,1.0,1.0
shape-free,oig_context_drift,85,42,oig_context_drift_p1,0,late,300,0.0336,0.0168,0.749,0.8041,0.9812,0.9997,0.2235,0.1197,0.0348,0.0018,1.0,1.0,1.0,1.0
shape-free,oig_context_drift,86,43,oig_context_drift_p1,1,unsettled,540,0.0572,0.0286,0.4045,0.3937,0.8868,0.989,0.2308,0.23,0.1618,0.0244,0.8438,1.0,1.0,1.0
shape-free,oig_context_drift,87,43,oig_context_drift_p1,0,late,300,0.03,0.0097,0.8339,0.9343,0.9981,1.0,0.142,0.072,0.0049,0.0,0.8438,1.0,1.0,1.0
shape-free,oig_context_drift,88,44,oig_context_drift_p1,1,unsettled,540,0.0666,0.0333,0.7258,0.5822,0.7494,0.9306,0.2219,0.2412,0.1985,0.0917,0.9688,0.7812,0.9375,1.0
shape-free,oig_context_drift,89,44,oig_context_drift_p1,0,unsettled,540,0.0553,0.0276,0.5151,0.6709,0.9137,0.9902,0.2735,0.2515,0.0813,0.019,0.9688,0.7812,0.9375,1.0
shape-free,oig_context_drift,90,45,oig_context_drift_p1,1,unsettled,540,0.0421,0.0211,0.6951,0.7295,0.8154,0.904,0.1659,0.1593,0.0961,0.0555,1.0,0.9062,0.9688,1.0
shape-free,oig_context_drift,91,45,oig_context_drift_p1,0,unsettled,540,0.0514,0.0257,0.6794,0.6678,0.865,0.941,0.1937,0.231,0.1279,0.0292,1.0,0.9062,0.9688,1.0
shape-free,oig_context_drift,92,46,oig_context_drift_p2,1,unsettled,540,0.0354,0.0177,0.6411,0.7226,0.914,0.9987,0.1887,0.1365,0.0711,0.0043,0.9062,0.9375,1.0,1.0
shape-free,oig_context_drift,93,46,oig_context_drift_p2,0,unsettled,540,0.0474,0.0237,0.6451,0.6363,0.8452,0.9855,0.2263,0.1624,0.1284,0.0189,0.9062,0.9375,1.0,1.0
shape-free,oig_context_drift,94,47,oig_context_drift_p2,1,unsettled,540,0.0697,0.0348,0.5201,0.5322,0.5201,0.9439,0.2294,0.2235,0.2422,0.0933,0.9375,1.0,1.0,1.0
shape-free,oig_context_drift,95,47,oig_context_drift_p2,0,late,300,0.0366,0.0183,0.7542,0.8357,0.9865,0.9952,0.1952,0.1736,0.036,0.0092,0.9375,1.0,1.0,1.0
shape-free,oig_context_drift,96,48,oig_context_drift_p3,1,late,300,0.032,0.016,0.7845,0.8278,0.9815,0.9994,0.1627,0.1748,0.0215,0.0036,1.0,0.9688,1.0,1.0
shape-free,oig_context_drift,97,48,oig_context_drift_p3,0,unsettled,540,0.0512,0.0256,0.6002,0.5746,0.9017,0.9966,0.2319,0.2311,0.1113,0.0055,1.0,0.9688,1.0,1.0
shape-free,oig_context_drift,98,49,oig_context_drift_p2,1,unsettled,540,0.0585,0.0293,0.5678,0.5638,0.636,0.7738,0.1784,0.22,0.1624,0.1011,0.8125,0.625,0.2188,0.1875
shape-free,oig_context_drift,99,49,oig_context_drift_p2,0,unsettled,540,0.0467,0.0233,0.7552,0.6749,0.8104,0.8876,0.1772,0.2133,0.1077,0.0298,0.8125,0.625,0.2188,0.1875
shape-free,oig_context_drift,100,50,oig_context_drift_p1,1,late,300,0.0449,0.0224,0.4232,0.5039,0.9662,0.9961,0.2476,0.2019,0.0498,0.0082,0.9375,1.0,1.0,1.0
shape-free,oig_context_drift,101,50,oig_context_drift_p1,0,late,300,0.03,0.0082,0.9009,0.9401,0.9894,0.996,0.1095,0.0495,0.0186,0.0088,0.9375,1.0,1.0,1.0
shape-free,oig_context_drift,102,51,oig_context_drift_p3,1,unsettled,540,0.0343,0.0172,0.7279,0.7468,0.9423,0.999,0.1456,0.1722,0.0676,0.0031,1.0,1.0,1.0,1.0
shape-free,oig_context_drift,103,51,oig_context_drift_p3,0,unsettled,540,0.0362,0.0181,0.7017,0.7358,0.8984,0.9699,0.1614,0.1595,0.0681,0.0203,1.0,1.0,1.0,1.0
shape-free,oig_context_drift,104,52,oig_context_drift_p2,1,unsettled,540,0.0489,0.0245,0.3974,0.5011,0.9423,1.0,0.2415,0.2103,0.1016,0.0,0.9688,0.9375,1.0,1.0
shape-free,oig_context_drift,105,52,oig_context_drift_p2,0,unsettled,540,0.0357,0.0179,0.8275,0.8333,0.941,0.9937,0.1937,0.1399,0.0606,0.01,0.9688,0.9375,1.0,1.0
shape-free,oig_context_drift,106,53,oig_context_drift_p0,1,late,300,0.03,0.0094,0.8955,0.9391,0.994,0.9997,0.1243,0.0733,0.0138,0.0018,1.0,1.0,1.0,1.0
shape-free,oig_context_drift,107,53,oig_context_drift_p0,0,unsettled,540,0.0608,0.0304,0.4499,0.544,0.9001,0.9924,0.298,0.2754,0.0987,0.0155,1.0,1.0,1.0,1.0
shape-free,oig_context_drift,108,54,oig_context_drift_p0,1,unsettled,540,0.049,0.0245,0.2556,0.3151,0.2916,0.4886,0.1722,0.1444,0.103,0.1342,0.9688,0.75,0.875,1.0
shape-free,oig_context_drift,109,54,oig_context_drift_p0,0,late,300,0.03,0.0117,0.9085,0.8905,0.9784,0.9977,0.1343,0.099,0.0245,0.0068,0.9688,0.75,0.875,1.0
shape-free,oig_context_drift,110,55,oig_context_drift_p0,1,unsettled,540,0.0429,0.0214,0.6513,0.6952,0.9204,0.9997,0.2217,0.1874,0.0741,0.0018,0.5625,0.6875,0.9688,1.0
shape-free,oig_context_drift,111,55,oig_context_drift_p0,0,unsettled,540,0.0516,0.0258,0.554,0.6037,0.8421,0.8982,0.2266,0.206,0.1118,0.0397,0.5625,0.6875,0.9688,1.0
shape-free,oig_context_drift,112,56,oig_context_drift_p3,1,early,120,0.03,0.0083,0.9,0.9758,0.9994,0.9997,0.121,0.0622,0.0025,0.0018,0.9375,0.9062,0.9688,1.0
shape-free,oig_context_drift,113,56,oig_context_drift_p3,0,unsettled,540,0.0695,0.0347,0.3452,0.1651,0.3151,0.7125,0.2427,0.2001,0.2179,0.1253,0.9375,0.9062,0.9688,1.0
shape-free,oig_context_drift,114,57,oig_context_drift_p1,1,unsettled,540,0.0545,0.0273,0.5707,0.6727,0.788,0.9422,0.2079,0.1608,0.1724,0.076,0.875,1.0,1.0,1.0
shape-free,oig_context_drift,115,57,oig_context_drift_p1,0,late,300,0.0394,0.0197,0.7063,0.7426,0.9335,0.9578,0.1843,0.1572,0.0808,0.0236,0.875,1.0,1.0,1.0
shape-free,oig_context_drift,116,58,oig_context_drift_p0,1,unsettled,540,0.0678,0.0339,0.3165,0.2974,0.4378,0.6389,0.2597,0.2202,0.1757,0.1112,1.0,0.875,0.25,0.0
shape-free,oig_context_drift,117,58,oig_context_drift_p0,0,declining,540,0.03,0.0117,0.9805,0.9678,0.8777,0.7954,0.0345,0.0414,0.089,0.1009,1.0,0.875,0.25,0.0
shape-free,oig_context_drift,118,59,oig_context_drift_p2,1,unsettled,540,0.0528,0.0264,0.4161,0.4647,0.9091,0.9997,0.2506,0.1985,0.1469,0.0018,1.0,1.0,1.0,1.0
shape-free,oig_context_drift,119,59,oig_context_drift_p2,0,late,300,0.03,0.0098,0.8892,0.9043,0.9841,1.0,0.1112,0.0892,0.0221,0.0,1.0,1.0,1.0,1.0
shape-free,oig_context_drift,120,60,oig_context_drift_p2,1,unsettled,540,0.0529,0.0265,0.638,0.6957,0.847,0.9607,0.21,0.2351,0.1016,0.0522,0.75,0.6562,0.75,1.0
shape-free,oig_context_drift,121,60,oig_context_drift_p2,0,unsettled,540,0.0619,0.031,0.6719,0.5485,0.7925,0.9583,0.2385,0.2677,0.1703,0.0244,0.75,0.6562,0.75,1.0
shape-free,oig_context_drift,122,61,oig_context_drift_p2,1,unsettled,540,0.0443,0.0221,0.5557,0.5958,0.9365,0.9924,0.2356,0.1763,0.0781,0.0108,0.9688,1.0,1.0,1.0
shape-free,oig_context_drift,123,61,oig_context_drift_p2,0,unsettled,540,0.0303,0.0152,0.8115,0.8671,0.8628,0.8945,0.1375,0.1004,0.0744,0.0305,0.9688,1.0,1.0,1.0
shape-free,oig_context_drift,124,62,oig_context_drift_p2,1,unsettled,540,0.03,0.0116,0.8681,0.909,0.9563,0.9944,0.1021,0.0805,0.0599,0.0204,0.9062,0.9688,1.0,1.0
shape-free,oig_context_drift,125,62,oig_context_drift_p2,0,unsettled,540,0.058,0.029,0.4725,0.4534,0.7964,0.9597,0.2361,0.2233,0.1694,0.0277,0.9062,0.9688,1.0,1.0
shape-free,oig_context_drift,126,63,oig_context_drift_p3,1,late,300,0.0315,0.0158,0.8418,0.9054,0.9704,0.991,0.1914,0.1044,0.0469,0.0138,0.9688,1.0,1.0,1.0
shape-free,oig_context_drift,127,63,oig_context_drift_p3,0,unsettled,540,0.0685,0.0342,0.3711,0.3676,0.6563,0.8626,0.2875,0.2398,0.1673,0.0801,0.9688,1.0,1.0,1.0
shape-free,oig_context_drift,128,64,oig_context_drift_p2,1,late,300,0.036,0.018,0.7413,0.8442,0.9663,1.0,0.2103,0.1316,0.0657,0.0,0.6875,0.9688,1.0,1.0
shape-free,oig_context_drift,129,64,oig_context_drift_p2,0,unsettled,540,0.0546,0.0273,0.4581,0.5159,0.865,0.9662,0.2463,0.227,0.1081,0.036,0.6875,0.9688,1.0,1.0
shape-free,oig_context_drift,130,65,oig_context_drift_p3,1,late,300,0.0371,0.0186,0.6735,0.7336,0.9894,1.0,0.2086,0.186,0.0253,0.0,1.0,1.0,1.0,1.0
shape-free,oig_context_drift,131,65,oig_context_drift_p3,0,late,300,0.036,0.018,0.6991,0.8615,0.991,1.0,0.2287,0.1631,0.0152,0.0,1.0,1.0,1.0,1.0
shape-free,oig_context_drift,132,66,oig_context_drift_p3,1,unsettled,540,0.0541,0.0271,0.5345,0.3793,0.8301,0.9987,0.2335,0.1728,0.1986,0.0073,1.0,1.0,1.0,1.0
shape-free,oig_context_drift,133,66,oig_context_drift_p3,0,late,300,0.03,0.014,0.7619,0.923,0.9652,0.9745,0.1886,0.082,0.0285,0.0176,1.0,1.0,1.0,1.0
shape-free,oig_context_drift,134,67,oig_context_drift_p2,1,unsettled,540,0.0531,0.0266,0.5577,0.6724,0.918,1.0,0.2964,0.1667,0.1382,0.0,1.0,0.9688,1.0,1.0
shape-free,oig_context_drift,135,67,oig_context_drift_p2,0,late,300,0.03,0.0122,0.9261,0.8998,0.967,0.97,0.0979,0.1315,0.0253,0.0219,1.0,0.9688,1.0,1.0
shape-free,oig_context_drift,136,68,oig_context_drift_p3,1,late,300,0.0483,0.0241,0.5759,0.6509,0.9528,0.999,0.2441,0.2142,0.0837,0.004,0.5,1.0,1.0,1.0
shape-free,oig_context_drift,137,68,oig_context_drift_p3,0,late,300,0.0383,0.0191,0.6685,0.8149,0.9855,0.9997,0.2599,0.1481,0.0231,0.0018,0.5,1.0,1.0,1.0
shape-free,oig_context_drift,138,69,oig_context_drift_p3,1,unsettled,540,0.0574,0.0287,0.3436,0.2969,0.8695,1.0,0.2101,0.2342,0.2048,0.0,1.0,0.9375,1.0,1.0
shape-free,oig_context_drift,139,69,oig_context_drift_p3,0,late,300,0.03,0.0107,0.9216,0.9562,0.999,1.0,0.1327,0.1063,0.0031,0.0,1.0,0.9375,1.0,1.0
shape-free,oig_context_drift,140,70,oig_context_drift_p0,1,late,300,0.03,0.0124,0.8953,0.8877,0.9836,1.0,0.1042,0.1527,0.0237,0.0,0.8438,0.8125,1.0,1.0
shape-free,oig_context_drift,141,70,oig_context_drift_p0,0,unsettled,540,0.0601,0.03,0.2587,0.3053,0.7468,0.894,0.1932,0.2354,0.2049,0.0465,0.8438,0.8125,1.0,1.0
shape-free,oig_context_drift,142,71,oig_context_drift_p2,1,unsettled,540,0.066,0.033,0.5921,0.6637,0.8363,0.948,0.3186,0.2185,0.171,0.0387,0.8438,1.0,1.0,1.0
shape-free,oig_context_drift,143,71,oig_context_drift_p2,0,late,300,0.0523,0.0262,0.7394,0.787,0.9311,0.9534,0.2613,0.2546,0.049,0.0268,0.8438,1.0,1.0,1.0
shape-free,oig_context_drift,144,72,oig_context_drift_p0,1,unsettled,540,0.0665,0.0332,0.3484,0.2244,0.5404,0.9098,0.2706,0.1721,0.2228,0.0868,0.5312,0.9375,1.0,1.0
shape-free,oig_context_drift,145,72,oig_context_drift_p0,0,late,300,0.0362,0.0181,0.8006,0.9375,0.9921,0.9995,0.253,0.1366,0.0182,0.002,0.5312,0.9375,1.0,1.0
shape-free,oig_context_drift,146,73,oig_context_drift_p3,1,unsettled,540,0.0305,0.0152,0.8309,0.8397,0.9209,0.97,0.1321,0.1146,0.0543,0.0436,0.9062,0.9375,1.0,1.0
shape-free,oig_context_drift,147,73,oig_context_drift_p3,0,unsettled,540,0.0458,0.0229,0.4878,0.5383,0.8082,0.9594,0.163,0.1905,0.1371,0.0281,0.9062,0.9375,1.0,1.0
shape-free,oig_context_drift,148,74,oig_context_drift_p0,1,unsettled,540,0.03,0.0136,0.8734,0.8893,0.9663,0.9997,0.1476,0.1154,0.0434,0.0018,0.8438,0.7812,0.875,1.0
shape-free,oig_context_drift,149,74,oig_context_drift_p0,0,unsettled,540,0.0675,0.0338,0.3243,0.3405,0.6643,0.9335,0.2431,0.2341,0.2356,0.0514,0.8438,0.7812,0.875,1.0
shape-free,oig_context_drift,150,75,oig_context_drift_p1,1,late,300,0.0565,0.0283,0.4963,0.4955,0.98,1.0,0.2923,0.2976,0.0496,0.0,0.9375,1.0,1.0,1.0
shape-free,oig_context_drift,151,75,oig_context_drift_p1,0,late,300,0.0313,0.0157,0.8056,0.9269,0.9861,1.0,0.234,0.0874,0.0332,0.0,0.9375,1.0,1.0,1.0
shape-free,oig_context_drift,152,76,oig_context_drift_p3,1,unsettled,540,0.0326,0.0163,0.7597,0.7763,0.9238,0.9987,0.153,0.1373,0.0736,0.0043,0.9375,0.9688,1.0,1.0
shape-free,oig_context_drift,153,76,oig_context_drift_p3,0,late,300,0.0396,0.0198,0.6833,0.7705,0.9689,0.9979,0.224,0.194,0.0244,0.0055,0.9375,0.9688,1.0,1.0
shape-free,oig_context_drift,154,77,oig_context_drift_p1,1,late,300,0.03,0.0141,0.7735,0.8626,0.9886,1.0,0.186,0.1197,0.0143,0.0,1.0,1.0,1.0,1.0
shape-free,oig_context_drift,155,77,oig_context_drift_p1,0,unsettled,540,0.0576,0.0288,0.6192,0.5834,0.8808,0.9644,0.271,0.2628,0.0986,0.0188,1.0,1.0,1.0,1.0
shape-free,oig_context_drift,156,78,oig_context_drift_p3,1,unsettled,540,0.044,0.022,0.6223,0.6641,0.7416,0.9702,0.1403,0.1515,0.1592,0.0473,0.9688,1.0,1.0,1.0
shape-free,oig_context_drift,157,78,oig_context_drift_p3,0,late,300,0.03,0.0127,0.7819,0.8339,0.9855,0.9992,0.1429,0.1239,0.0173,0.0027,0.9688,1.0,1.0,1.0
shape-free,oig_context_drift,158,79,oig_context_drift_p0,1,unsettled,540,0.03,0.0147,0.8191,0.8642,0.9689,1.0,0.1526,0.1189,0.0602,0.0,0.9062,0.9375,1.0,1.0
shape-free,oig_context_drift,159,79,oig_context_drift_p0,0,unsettled,540,0.0543,0.0271,0.491,0.5593,0.9,0.9915,0.2603,0.2554,0.0851,0.0133,0.9062,0.9375,1.0,1.0
shape-free,oig_context_drift,160,80,oig_context_drift_p3,1,unsettled,540,0.0356,0.0178,0.6896,0.7737,0.9,0.9367,0.1814,0.1197,0.0575,0.0447,1.0,1.0,1.0,1.0
shape-free,oig_context_drift,161,80,oig_context_drift_p3,0,unsettled,540,0.0346,0.0173,0.7474,0.797,0.9174,0.9855,0.1651,0.1414,0.067,0.0175,1.0,1.0,1.0,1.0
shape-free,oig_context_drift,162,81,oig_context_drift_p0,1,unsettled,540,0.0543,0.0272,0.612,0.674,0.9283,0.9994,0.2669,0.2321,0.1122,0.0036,0.8438,0.9062,1.0,1.0
shape-free,oig_context_drift,163,81,oig_context_drift_p0,0,unsettled,540,0.0463,0.0232,0.7767,0.8001,0.9328,0.9832,0.2088,0.2129,0.0808,0.0214,0.8438,0.9062,1.0,1.0
shape-free,oig_context_drift,164,82,oig_context_drift_p3,1,late,300,0.0498,0.0249,0.4294,0.6279,0.9971,1.0,0.2648,0.2908,0.008,0.0,0.8125,0.875,1.0,1.0
shape-free,oig_context_drift,165,82,oig_context_drift_p3,0,unsettled,540,0.0311,0.0155,0.8623,0.828,0.9567,0.9992,0.115,0.1862,0.0475,0.0027,0.8125,0.875,1.0,1.0
shape-free,oig_context_drift,166,83,oig_context_drift_p1,1,unsettled,540,0.0461,0.0231,0.7618,0.688,0.8017,0.9095,0.1757,0.1797,0.0971,0.0694,0.8125,0.6875,0.9062,1.0
shape-free,oig_context_drift,167,83,oig_context_drift_p1,0,unsettled,540,0.0587,0.0293,0.4431,0.5726,0.7957,0.8985,0.2115,0.2247,0.1859,0.0415,0.8125,0.6875,0.9062,1.0
shape-free,oig_context_drift,168,84,oig_context_drift_p0,1,unsettled,540,0.0487,0.0243,0.7519,0.7263,0.9282,1.0,0.2468,0.2398,0.0639,0.0,0.875,0.8125,1.0,1.0
shape-free,oig_context_drift,169,84,oig_context_drift_p0,0,unsettled,540,0.0726,0.0363,0.4504,0.5533,0.7861,0.929,0.3091,0.2929,0.1775,0.0416,0.875,0.8125,1.0,1.0
shape-free,oig_context_drift,170,85,oig_context_drift_p3,1,late,300,0.0413,0.0207,0.7769,0.8177,0.9523,0.9868,0.2149,0.1603,0.0671,0.025,0.9688,1.0,1.0,1.0
shape-free,oig_context_drift,171,85,oig_context_drift_p3,0,unsettled,540,0.0741,0.037,0.6198,0.6012,0.78,0.929,0.3084,0.2808,0.2049,0.0436,0.9688,1.0,1.0,1.0
shape-free,oig_context_drift,172,86,oig_context_drift_p2,1,late,300,0.0312,0.0156,0.6819,0.8281,0.9955,1.0,0.2041,0.1351,0.0138,0.0,0.375,0.4062,1.0,1.0
shape-free,oig_context_drift,173,86,oig_context_drift_p2,0,unsettled,540,0.0657,0.0328,0.4847,0.3579,0.5651,0.881,0.2571,0.2086,0.2114,0.066,0.375,0.4062,1.0,1.0
shape-free,oig_context_drift,174,87,oig_context_drift_p3,1,late,300,0.0467,0.0233,0.404,0.684,0.9971,1.0,0.2602,0.2552,0.0129,0.0,0.8438,1.0,1.0,1.0
shape-free,oig_context_drift,175,87,oig_context_drift_p3,0,unsettled,540,0.03,0.0137,0.8711,0.8792,0.9612,0.9944,0.1388,0.1098,0.0528,0.0078,0.8438,1.0,1.0,1.0
shape-free,oig_context_drift,176,88,oig_context_drift_p3,1,late,300,0.03,0.0134,0.8067,0.9253,0.9915,1.0,0.2033,0.0895,0.0113,0.0,0.9688,0.8125,1.0,1.0
shape-free,oig_context_drift,177,88,oig_context_drift_p3,0,unsettled,540,0.0734,0.0367,0.4254,0.2759,0.5261,0.8172,0.25,0.2377,0.2362,0.107,0.9688,0.8125,1.0,1.0
shape-free,oig_context_drift,178,89,oig_context_drift_p2,1,late,300,0.03,0.0082,0.8948,0.9111,0.981,0.9932,0.0832,0.0624,0.0211,0.019,0.5938,0.8438,1.0,1.0
shape-free,oig_context_drift,179,89,oig_context_drift_p2,0,unsettled,540,0.0592,0.0296,0.2595,0.3207,0.6042,0.8515,0.2076,0.1857,0.1943,0.0826,0.5938,0.8438,1.0,1.0
shape-free,oig_context_drift,180,90,oig_context_drift_p0,1,late,300,0.04,0.02,0.6725,0.7766,0.9091,0.9467,0.1798,0.1318,0.0768,0.0637,1.0,0.9062,1.0,1.0
shape-free,oig_context_drift,181,90,oig_context_drift_p0,0,unsettled,540,0.0414,0.0207,0.6878,0.6503,0.9236,0.9781,0.181,0.2131,0.0576,0.0171,1.0,0.9062,1.0,1.0
shape-free,oig_context_drift,182,91,oig_context_drift_p0,1,unsettled,540,0.0746,0.0373,0.4418,0.2843,0.3331,0.5564,0.2601,0.2315,0.21,0.143,0.9062,0.9688,1.0,1.0
shape-free,oig_context_drift,183,91,oig_context_drift_p0,0,late,300,0.0335,0.0168,0.7977,0.9091,0.9702,0.9974,0.1786,0.1164,0.0772,0.0069,0.9062,0.9688,1.0,1.0
shape-free,oig_context_drift,184,92,oig_context_drift_p3,1,late,300,0.0401,0.0201,0.6993,0.8127,0.9304,0.9488,0.2079,0.1326,0.0617,0.0515,0.8125,0.9375,0.9688,1.0
shape-free,oig_context_drift,185,92,oig_context_drift_p3,0,unsettled,540,0.0547,0.0273,0.6392,0.5962,0.7869,0.917,0.2235,0.2121,0.1507,0.0323,0.8125,0.9375,0.9688,1.0
shape-free,oig_context_drift,186,93,oig_context_drift_p0,1,declining,120,0.0709,0.0355,0.5446,0.3644,0.4,0.4265,0.2666,0.2218,0.1926,0.1215,0.1562,0.0,0.0312,0.4688
shape-free,oig_context_drift,187,93,oig_context_drift_p0,0,unsettled,540,0.0568,0.0284,0.5572,0.7081,0.8307,0.9734,0.247,0.209,0.1551,0.0315,0.1562,0.0,0.0312,0.4688
shape-free,oig_context_drift,188,94,oig_context_drift_p0,1,early,120,0.03,0.0057,0.9517,0.9713,0.9965,1.0,0.0726,0.0486,0.0072,0.0,1.0,0.9688,1.0,1.0
shape-free,oig_context_drift,189,94,oig_context_drift_p0,0,late,300,0.0721,0.0361,0.4739,0.4407,0.8518,0.9034,0.3372,0.2844,0.1475,0.0472,1.0,0.9688,1.0,1.0
shape-free,oig_context_drift,190,95,oig_context_drift_p1,1,late,300,0.0539,0.027,0.5486,0.6703,0.9483,0.9997,0.2747,0.2427,0.0911,0.0018,0.9688,0.9375,1.0,1.0
shape-free,oig_context_drift,191,95,oig_context_drift_p1,0,unsettled,540,0.0461,0.023,0.7086,0.6629,0.9393,0.9994,0.2594,0.2016,0.0579,0.0025,0.9688,0.9375,1.0,1.0
shape-free,oig_context_drift,192,96,oig_context_drift_p2,1,unsettled,540,0.0578,0.0289,0.6398,0.6171,0.621,0.7526,0.1817,0.2137,0.157,0.1018,1.0,1.0,1.0,1.0
shape-free,oig_context_drift,193,96,oig_context_drift_p2,0,unsettled,540,0.0377,0.0188,0.7426,0.8035,0.952,0.9963,0.1877,0.1633,0.0666,0.0085,1.0,1.0,1.0,1.0
+ shape info,mm_substitution,0,0,mm_substitution_p0,1,unsettled,540,0.03,0.0109,0.947,0.9145,0.9322,0.9837,0.048,0.0933,0.0836,0.022,1.0,1.0,1.0,1.0
+ shape info,mm_substitution,1,0,mm_substitution_p0,0,unsettled,540,0.03,0.0128,0.8206,0.8841,0.9459,0.9797,0.1212,0.0907,0.053,0.0254,1.0,1.0,1.0,1.0
+ shape info,mm_substitution,2,1,mm_substitution_p1,1,free,60,0.03,0.0048,0.9781,0.9812,0.9884,0.9853,0.0326,0.0359,0.0236,0.0168,1.0,1.0,1.0,1.0
+ shape info,mm_substitution,3,1,mm_substitution_p1,0,unsettled,540,0.0341,0.0171,0.7159,0.7898,0.9402,0.9823,0.1748,0.1225,0.0585,0.0304,1.0,1.0,1.0,1.0
+ shape info,mm_substitution,4,2,mm_substitution_p0,1,unsettled,540,0.03,0.013,0.8953,0.8734,0.9461,0.9919,0.0995,0.1108,0.0647,0.0193,0.9062,0.9375,0.9375,1.0
+ shape info,mm_substitution,5,2,mm_substitution_p0,0,unsettled,540,0.0425,0.0213,0.6928,0.7191,0.832,0.9105,0.1375,0.1267,0.133,0.0838,0.9062,0.9375,0.9375,1.0
+ shape info,mm_substitution,6,3,mm_substitution_p2,1,free,60,0.03,0.0009,0.9947,0.9981,0.9995,0.9972,0.0079,0.0045,0.002,0.0058,1.0,1.0,1.0,1.0
+ shape info,mm_substitution,7,3,mm_substitution_p2,0,unsettled,540,0.035,0.0175,0.6153,0.7978,0.955,0.9964,0.1976,0.1303,0.0589,0.009,1.0,1.0,1.0,1.0
+ shape info,mm_substitution,8,4,mm_substitution_p1,1,unsettled,540,0.0579,0.0289,0.6248,0.6055,0.8556,0.9589,0.2132,0.1851,0.1824,0.0743,0.9375,0.9375,1.0,1.0
+ shape info,mm_substitution,9,4,mm_substitution_p1,0,free,60,0.03,0.0072,0.9552,0.9394,0.9631,0.9555,0.046,0.0503,0.0351,0.0311,0.9375,0.9375,1.0,1.0
+ shape info,mm_substitution,10,5,mm_substitution_p0,1,late,300,0.03,0.0114,0.8575,0.928,0.9856,0.9947,0.13,0.0866,0.0247,0.0167,0.875,0.9688,1.0,1.0
+ shape info,mm_substitution,11,5,mm_substitution_p0,0,unsettled,540,0.0371,0.0185,0.6528,0.6648,0.8528,0.9486,0.1189,0.1346,0.1138,0.052,0.875,0.9688,1.0,1.0
+ shape info,mm_substitution,12,6,mm_substitution_p0,1,late,300,0.03,0.0093,0.9075,0.9439,0.9719,0.9753,0.1014,0.0643,0.0261,0.0195,0.75,0.6875,0.5938,0.4688
+ shape info,mm_substitution,13,6,mm_substitution_p0,0,unsettled,540,0.0565,0.0282,0.5136,0.4253,0.5395,0.6523,0.1571,0.1309,0.1657,0.1855,0.75,0.6875,0.5938,0.4688
+ shape info,mm_substitution,14,7,mm_substitution_p2,1,late,300,0.03,0.007,0.968,0.9512,0.9884,0.9916,0.0499,0.0644,0.0262,0.0185,1.0,1.0,1.0,1.0
+ shape info,mm_substitution,15,7,mm_substitution_p2,0,unsettled,540,0.035,0.0175,0.6783,0.7245,0.8812,0.9702,0.1235,0.1359,0.101,0.035,1.0,1.0,1.0,1.0
+ shape info,mm_substitution,16,8,mm_substitution_p3,1,unsettled,540,0.049,0.0245,0.6644,0.7603,0.8784,0.9389,0.2197,0.1395,0.1145,0.0813,1.0,1.0,1.0,1.0
+ shape info,mm_substitution,17,8,mm_substitution_p3,0,late,300,0.03,0.0081,0.9133,0.9139,0.9598,0.9792,0.0507,0.0495,0.0516,0.0321,1.0,1.0,1.0,1.0
+ shape info,mm_substitution,18,9,mm_substitution_p3,1,unsettled,540,0.0503,0.0251,0.6539,0.6691,0.8402,0.9334,0.1714,0.1545,0.1362,0.1066,1.0,0.9688,1.0,1.0
+ shape info,mm_substitution,19,9,mm_substitution_p3,0,free,60,0.03,0.0052,0.9636,0.9503,0.9772,0.9742,0.0328,0.0351,0.0214,0.0294,1.0,0.9688,1.0,1.0
+ shape info,mm_substitution,20,10,mm_substitution_p1,1,free,60,0.03,0.006,0.98,0.9736,0.9903,0.9794,0.0325,0.0456,0.0194,0.0378,1.0,1.0,1.0,1.0
+ shape info,mm_substitution,21,10,mm_substitution_p1,0,unsettled,540,0.03,0.0148,0.7598,0.8198,0.9062,0.9619,0.102,0.0973,0.0819,0.053,1.0,1.0,1.0,1.0
+ shape info,mm_substitution,22,11,mm_substitution_p2,1,free,60,0.03,0.0069,0.9508,0.9628,0.9792,0.9764,0.0649,0.0456,0.0271,0.0193,1.0,1.0,1.0,1.0
+ shape info,mm_substitution,23,11,mm_substitution_p2,0,unsettled,540,0.0418,0.0209,0.6266,0.6328,0.792,0.8831,0.11,0.1473,0.1318,0.0843,1.0,1.0,1.0,1.0
+ shape info,mm_substitution,24,12,mm_substitution_p0,1,unsettled,540,0.0455,0.0227,0.5834,0.7242,0.9348,0.9903,0.1946,0.1727,0.118,0.029,1.0,1.0,1.0,1.0
+ shape info,mm_substitution,25,12,mm_substitution_p0,0,free,60,0.03,0.0058,0.9672,0.9681,0.9817,0.9786,0.0323,0.0327,0.0295,0.0375,1.0,1.0,1.0,1.0
+ shape info,mm_substitution,26,13,mm_substitution_p0,1,declining,540,0.0477,0.0238,0.8687,0.8427,0.7945,0.7405,0.1398,0.1628,0.1273,0.1097,0.5312,0.4688,0.0938,0.0312
+ shape info,mm_substitution,27,13,mm_substitution_p0,0,unsettled,540,0.0641,0.032,0.4386,0.4384,0.6605,0.8503,0.2204,0.2039,0.1943,0.1061,0.5312,0.4688,0.0938,0.0312
+ shape info,mm_substitution,28,14,mm_substitution_p1,1,free,60,0.03,0.0119,0.9666,0.9414,0.9469,0.9675,0.0377,0.09,0.0871,0.0539,1.0,1.0,1.0,1.0
+ shape info,mm_substitution,29,14,mm_substitution_p1,0,early,120,0.03,0.0053,0.9409,0.9686,0.9914,0.9975,0.061,0.0372,0.0146,0.0075,1.0,1.0,1.0,1.0
+ shape info,mm_substitution,30,7,mm_substitution_p2,1,late,300,0.03,0.0067,0.975,0.9584,0.9837,0.9911,0.0393,0.0655,0.0271,0.0194,1.0,1.0,1.0,1.0
+ shape info,mm_substitution,31,7,mm_substitution_p2,0,unsettled,540,0.03,0.0144,0.7855,0.817,0.9266,0.9773,0.1307,0.1001,0.0621,0.0327,1.0,1.0,1.0,1.0
+ shape info,mm_substitution,32,15,mm_substitution_p1,1,unsettled,540,0.0719,0.036,0.0911,0.0917,0.3206,0.5477,0.1089,0.0665,0.2846,0.3539,0.0,0.0,0.3125,0.5
+ shape info,mm_substitution,33,15,mm_substitution_p1,0,late,300,0.0425,0.0213,0.6705,0.7395,0.9155,0.9539,0.1615,0.1603,0.0966,0.0629,0.0,0.0,0.3125,0.5
+ shape info,mm_substitution,34,16,mm_substitution_p3,1,late,300,0.03,0.0146,0.8944,0.9109,0.983,0.9962,0.1668,0.1203,0.0308,0.0118,1.0,1.0,1.0,1.0
+ shape info,mm_substitution,35,16,mm_substitution_p3,0,unsettled,540,0.03,0.0108,0.8389,0.873,0.948,0.9816,0.0886,0.0758,0.0514,0.0293,1.0,1.0,1.0,1.0
+ shape info,mm_substitution,36,17,mm_substitution_p1,1,free,60,0.03,0.0124,0.9269,0.913,0.9166,0.9367,0.0621,0.0994,0.0776,0.0411,1.0,0.9688,1.0,1.0
+ shape info,mm_substitution,37,17,mm_substitution_p1,0,unsettled,540,0.0396,0.0198,0.7031,0.7298,0.8887,0.9502,0.1543,0.15,0.0912,0.0524,1.0,0.9688,1.0,1.0
+ shape info,mm_substitution,38,18,mm_substitution_p2,1,unsettled,540,0.0388,0.0194,0.5372,0.6444,0.8725,0.9891,0.1566,0.1239,0.1369,0.0215,0.8438,0.9688,1.0,1.0
+ shape info,mm_substitution,39,18,mm_substitution_p2,0,unsettled,540,0.03,0.0119,0.8488,0.8678,0.9259,0.9639,0.0795,0.0891,0.0577,0.0421,0.8438,0.9688,1.0,1.0
+ shape info,mm_substitution,40,19,mm_substitution_p3,1,free,60,0.03,0.0009,0.9933,0.9977,0.9997,0.9981,0.0094,0.0054,0.0018,0.004,1.0,1.0,1.0,1.0
+ shape info,mm_substitution,41,19,mm_substitution_p3,0,late,300,0.03,0.0112,0.8983,0.9206,0.9797,0.9933,0.1023,0.1044,0.0312,0.0148,1.0,1.0,1.0,1.0
+ shape info,mm_substitution,42,20,mm_substitution_p2,1,unsettled,540,0.0464,0.0232,0.3628,0.4539,0.562,0.6613,0.1399,0.174,0.1302,0.0808,0.0938,0.125,0.0,0.0
+ shape info,mm_substitution,43,20,mm_substitution_p2,0,unsettled,540,0.041,0.0205,0.7423,0.7538,0.8341,0.8906,0.1431,0.1297,0.1095,0.0813,0.0938,0.125,0.0,0.0
+ shape info,mm_substitution,44,21,mm_substitution_p1,1,flat-mid,60,0.073,0.0365,0.6737,0.6205,0.6242,0.6889,0.2357,0.1861,0.1708,0.233,1.0,1.0,1.0,1.0
+ shape info,mm_substitution,45,21,mm_substitution_p1,0,free,60,0.03,0.0003,0.9972,1.0,0.9997,1.0,0.0058,0.0,0.0018,0.0,1.0,1.0,1.0,1.0
+ shape info,mm_substitution,46,22,mm_substitution_p3,1,late,300,0.03,0.0076,0.9359,0.9634,0.9981,0.9997,0.0913,0.0731,0.0064,0.0018,1.0,1.0,1.0,1.0
+ shape info,mm_substitution,47,22,mm_substitution_p3,0,late,300,0.03,0.0119,0.8727,0.8895,0.9353,0.9544,0.086,0.0778,0.057,0.0489,1.0,1.0,1.0,1.0
+ shape info,mm_substitution,48,23,mm_substitution_p1,1,free,60,0.03,0.0007,0.9953,0.9991,0.9997,0.9986,0.0079,0.0027,0.0018,0.0034,0.9688,1.0,1.0,1.0
+ shape info,mm_substitution,49,23,mm_substitution_p1,0,unsettled,540,0.0402,0.0201,0.5967,0.7139,0.9105,0.9883,0.1786,0.1543,0.0993,0.0225,0.9688,1.0,1.0,1.0
+ shape info,mm_substitution,50,24,mm_substitution_p3,1,declining,120,0.0632,0.0316,0.7795,0.695,0.697,0.7091,0.1897,0.1923,0.1678,0.1656,0.2188,0.0938,0.125,0.0625
+ shape info,mm_substitution,51,24,mm_substitution_p3,0,unsettled,540,0.0595,0.0298,0.4447,0.4159,0.598,0.7728,0.1587,0.174,0.2065,0.1345,0.2188,0.0938,0.125,0.0625
+ shape info,mm_substitution,52,25,mm_substitution_p2,1,unsettled,540,0.031,0.0155,0.7014,0.7944,0.9245,0.9686,0.1409,0.0966,0.0669,0.046,0.6562,0.8125,1.0,1.0
+ shape info,mm_substitution,53,25,mm_substitution_p2,0,unsettled,540,0.0397,0.0199,0.7144,0.7167,0.8537,0.9308,0.119,0.1515,0.1155,0.0636,0.6562,0.8125,1.0,1.0
+ shape info,mm_substitution,54,26,mm_substitution_p0,1,free,60,0.03,0.0103,0.9509,0.9492,0.9572,0.9741,0.0909,0.0621,0.0481,0.0318,1.0,1.0,1.0,1.0
+ shape info,mm_substitution,55,26,mm_substitution_p0,0,unsettled,540,0.0321,0.0161,0.7533,0.8053,0.9303,0.9738,0.125,0.1193,0.0729,0.046,1.0,1.0,1.0,1.0
+ shape info,mm_substitution,56,27,mm_substitution_p1,1,late,300,0.0383,0.0191,0.7798,0.8483,0.9733,0.9859,0.2072,0.1543,0.0386,0.0329,0.8438,0.8438,1.0,1.0
+ shape info,mm_substitution,57,27,mm_substitution_p1,0,unsettled,540,0.0353,0.0177,0.7273,0.7395,0.8683,0.9308,0.1058,0.1183,0.1082,0.0671,0.8438,0.8438,1.0,1.0
+ shape info,mm_substitution,58,28,mm_substitution_p2,1,late,300,0.042,0.021,0.8753,0.8975,0.903,0.9433,0.1749,0.1532,0.0932,0.054,0.8125,0.7812,0.9375,1.0
+ shape info,mm_substitution,59,28,mm_substitution_p2,0,unsettled,540,0.0401,0.02,0.6345,0.6361,0.8506,0.9533,0.1563,0.1382,0.1093,0.0497,0.8125,0.7812,0.9375,1.0
+ shape info,mm_substitution,60,29,mm_substitution_p2,1,free,60,0.03,0.0056,0.9653,0.9698,0.9847,0.9759,0.0433,0.0359,0.0213,0.0272,1.0,1.0,1.0,1.0
+ shape info,mm_substitution,61,29,mm_substitution_p2,0,unsettled,540,0.03,0.0149,0.7667,0.8028,0.878,0.9464,0.1071,0.0889,0.0865,0.0544,1.0,1.0,1.0,1.0
+ shape info,mm_substitution,62,30,mm_substitution_p3,1,late,300,0.03,0.0117,0.9375,0.9413,0.9886,0.9923,0.1241,0.0997,0.019,0.0216,0.8359,0.9609,1.0,1.0
+ shape info,mm_substitution,63,30,mm_substitution_p3,0,late,300,0.03,0.0064,0.8983,0.9572,0.995,0.9991,0.0855,0.0468,0.0092,0.003,0.8359,0.9609,1.0,1.0
+ shape info,mm_substitution,64,31,mm_substitution_p3,1,unsettled,540,0.0764,0.0382,0.3516,0.3041,0.6358,0.825,0.2216,0.1491,0.2928,0.2007,0.25,0.0625,0.4062,0.5312
+ shape info,mm_substitution,65,31,mm_substitution_p3,0,late,300,0.0448,0.0224,0.7673,0.7511,0.8495,0.8477,0.1484,0.1396,0.0959,0.1229,0.25,0.0625,0.4062,0.5312
+ shape info,mm_substitution,66,32,mm_substitution_p0,1,unsettled,540,0.0326,0.0163,0.7263,0.8427,0.9647,0.9975,0.1787,0.1268,0.0574,0.0062,0.625,0.7188,0.9375,1.0
+ shape info,mm_substitution,67,32,mm_substitution_p0,0,late,300,0.0607,0.0304,0.7013,0.6442,0.7502,0.7508,0.1737,0.1935,0.1604,0.1592,0.625,0.7188,0.9375,1.0
+ shape info,mm_substitution,68,33,mm_substitution_p1,1,late,300,0.03,0.0093,0.9272,0.9392,0.9781,0.9905,0.0892,0.083,0.0265,0.011,0.9688,1.0,1.0,1.0
+ shape info,mm_substitution,69,33,mm_substitution_p1,0,unsettled,540,0.0533,0.0266,0.6011,0.6291,0.7967,0.8847,0.1944,0.1855,0.1358,0.0868,0.9688,1.0,1.0,1.0
+ shape info,mm_substitution,70,34,mm_substitution_p3,1,late,300,0.03,0.0064,0.9119,0.9536,0.9967,0.9991,0.0867,0.0491,0.0053,0.003,1.0,1.0,1.0,1.0
+ shape info,mm_substitution,71,34,mm_substitution_p3,0,unsettled,540,0.0405,0.0203,0.617,0.67,0.8389,0.9119,0.1338,0.1352,0.1169,0.0728,1.0,1.0,1.0,1.0
+ shape info,mm_substitution,72,35,mm_substitution_p0,1,unsettled,540,0.03,0.0125,0.922,0.8623,0.9531,0.9969,0.0773,0.1246,0.0722,0.0093,1.0,0.9844,1.0,1.0
+ shape info,mm_substitution,73,35,mm_substitution_p0,0,early,120,0.03,0.0039,0.9423,0.9795,0.9923,1.0,0.0465,0.0244,0.0178,0.0,1.0,0.9844,1.0,1.0
+ shape info,mm_substitution,74,36,mm_substitution_p2,1,late,300,0.03,0.0128,0.8006,0.8883,0.9805,0.9991,0.1545,0.0991,0.0324,0.0039,0.5625,0.625,0.9062,0.9688
+ shape info,mm_substitution,75,36,mm_substitution_p2,0,unsettled,540,0.0601,0.03,0.5381,0.5164,0.6448,0.7323,0.189,0.1644,0.1474,0.1787,0.5625,0.625,0.9062,0.9688
+ shape info,mm_substitution,76,37,mm_substitution_p1,1,unsettled,540,0.0632,0.0316,0.6527,0.5542,0.6603,0.8105,0.1958,0.1732,0.1833,0.1622,0.9688,1.0,1.0,1.0
+ shape info,mm_substitution,77,37,mm_substitution_p1,0,late,300,0.03,0.0073,0.8814,0.9402,0.98,0.9891,0.0784,0.0417,0.027,0.0192,0.9688,1.0,1.0,1.0
+ shape info,mm_substitution,78,38,mm_substitution_p3,1,free,60,0.03,0.0009,0.9944,0.9981,0.9994,0.9984,0.0095,0.0038,0.0025,0.0037,1.0,1.0,1.0,1.0
+ shape info,mm_substitution,79,38,mm_substitution_p3,0,late,300,0.03,0.0116,0.8684,0.9086,0.963,0.9895,0.1187,0.0629,0.0579,0.0224,1.0,1.0,1.0,1.0
+ shape info,mm_substitution,80,39,mm_substitution_p0,1,unsettled,540,0.032,0.016,0.7172,0.8775,0.9356,0.9698,0.172,0.1104,0.0627,0.0174,0.2812,0.1875,0.3438,0.6562
+ shape info,mm_substitution,81,39,mm_substitution_p0,0,unsettled,540,0.0634,0.0317,0.5352,0.407,0.572,0.6953,0.1718,0.1658,0.1898,0.1895,0.2812,0.1875,0.3438,0.6562
+ shape info,mm_substitution,82,40,mm_substitution_p1,1,free,60,0.03,0.0031,0.9892,0.9837,0.9841,0.9828,0.0144,0.0169,0.0234,0.0151,1.0,1.0,1.0,1.0
+ shape info,mm_substitution,83,40,mm_substitution_p1,0,late,300,0.03,0.0125,0.8066,0.8844,0.9639,0.9905,0.1321,0.0776,0.0472,0.0249,1.0,1.0,1.0,1.0
+ shape info,mm_substitution,84,41,mm_substitution_p3,1,late,300,0.03,0.0141,0.9272,0.8886,0.9845,0.9884,0.1124,0.1418,0.0321,0.0321,0.9688,1.0,0.9375,0.75
+ shape info,mm_substitution,85,41,mm_substitution_p3,0,declining,540,0.0653,0.0327,0.6344,0.732,0.6028,0.48,0.1544,0.1588,0.2246,0.2011,0.9688,1.0,0.9375,0.75
+ shape info,mm_substitution,86,42,mm_substitution_p0,1,unsettled,540,0.0371,0.0186,0.922,0.8267,0.8538,0.9203,0.0942,0.1504,0.1151,0.0603,1.0,1.0,1.0,1.0
+ shape info,mm_substitution,87,42,mm_substitution_p0,0,late,300,0.03,0.0107,0.8612,0.8998,0.9723,0.9869,0.1093,0.08,0.0315,0.0213,1.0,1.0,1.0,1.0
+ shape info,mm_substitution,88,16,mm_substitution_p3,1,late,300,0.03,0.0146,0.8944,0.9109,0.983,0.9962,0.1668,0.1203,0.0308,0.0118,1.0,1.0,1.0,1.0
+ shape info,mm_substitution,89,16,mm_substitution_p3,0,late,300,0.03,0.0108,0.877,0.8989,0.9608,0.9792,0.0837,0.0848,0.0436,0.0324,1.0,1.0,1.0,1.0
+ shape info,mm_substitution,90,43,mm_substitution_p3,1,unsettled,540,0.0484,0.0242,0.52,0.6133,0.8502,0.9659,0.1834,0.1522,0.152,0.0602,1.0,1.0,1.0,1.0
+ shape info,mm_substitution,91,43,mm_substitution_p3,0,late,300,0.03,0.0052,0.9469,0.9509,0.9812,0.9878,0.0379,0.0373,0.0242,0.0189,1.0,1.0,1.0,1.0
+ shape info,mm_substitution,92,44,mm_substitution_p2,1,unsettled,540,0.0377,0.0189,0.6731,0.8195,0.9425,0.9959,0.2008,0.1325,0.0794,0.0143,0.9688,1.0,1.0,1.0
+ shape info,mm_substitution,93,44,mm_substitution_p2,0,unsettled,540,0.0306,0.0153,0.853,0.8239,0.8862,0.923,0.085,0.1172,0.0733,0.0709,0.9688,1.0,1.0,1.0
+ shape info,mm_substitution,94,45,mm_substitution_p2,1,free,60,0.03,0.0017,0.9948,0.9945,0.9975,0.9944,0.0079,0.016,0.0051,0.0095,0.9375,1.0,1.0,1.0
+ shape info,mm_substitution,95,45,mm_substitution_p2,0,unsettled,540,0.0512,0.0256,0.3564,0.3966,0.6678,0.8947,0.1668,0.1363,0.1916,0.0849,0.9375,1.0,1.0,1.0
+ shape info,mm_substitution,96,46,mm_substitution_p0,1,unsettled,540,0.0804,0.0402,0.2089,0.3145,0.6411,0.8283,0.1493,0.1644,0.3388,0.2568,0.0,0.0,0.4062,0.6875
+ shape info,mm_substitution,97,46,mm_substitution_p0,0,unsettled,540,0.0451,0.0225,0.5167,0.5088,0.7634,0.9005,0.1541,0.1463,0.1411,0.0687,0.0,0.0,0.4062,0.6875
+ shape info,mm_substitution,98,47,mm_substitution_p2,1,late,300,0.0363,0.0181,0.8533,0.863,0.9873,0.9933,0.2118,0.1533,0.0246,0.0209,1.0,1.0,1.0,1.0
+ shape info,mm_substitution,99,47,mm_substitution_p2,0,unsettled,540,0.0307,0.0154,0.8216,0.8975,0.9409,0.9734,0.1573,0.0948,0.0618,0.0334,1.0,1.0,1.0,1.0
+ shape info,mm_substitution,100,48,mm_substitution_p2,1,free,60,0.03,0.001,0.9894,0.9969,0.9997,0.9997,0.0134,0.0052,0.0018,0.0018,1.0,1.0,1.0,1.0
+ shape info,mm_substitution,101,48,mm_substitution_p2,0,late,300,0.03,0.0106,0.8956,0.9206,0.9566,0.9748,0.0864,0.0671,0.0468,0.0389,1.0,1.0,1.0,1.0
+ shape info,mm_substitution,102,49,mm_substitution_p2,1,late,300,0.0445,0.0222,0.8917,0.8417,0.9122,0.9537,0.1579,0.162,0.1039,0.0796,0.875,0.8438,1.0,1.0
+ shape info,mm_substitution,103,49,mm_substitution_p2,0,unsettled,540,0.0325,0.0162,0.6186,0.7744,0.9373,0.9928,0.1487,0.1173,0.0844,0.0169,0.875,0.8438,1.0,1.0
+ shape info,mm_substitution,104,50,mm_substitution_p0,1,free,60,0.03,0.0026,0.9945,0.9955,0.9897,0.9887,0.008,0.0087,0.0242,0.0176,0.9062,0.9375,1.0,1.0
+ shape info,mm_substitution,105,50,mm_substitution_p0,0,unsettled,540,0.0585,0.0293,0.2886,0.3319,0.6369,0.8903,0.1675,0.1689,0.1977,0.1282,0.9062,0.9375,1.0,1.0
+ shape info,mm_substitution,106,51,mm_substitution_p3,1,free,60,0.03,0.015,0.9294,0.9355,0.9662,0.9491,0.1119,0.1045,0.0637,0.0586,1.0,1.0,1.0,1.0
+ shape info,mm_substitution,107,51,mm_substitution_p3,0,early,120,0.03,0.0036,0.9648,0.9817,0.9956,0.9959,0.0373,0.0237,0.0076,0.0127,1.0,1.0,1.0,1.0
+ shape info,mm_substitution,108,52,mm_substitution_p1,1,free,60,0.03,0.0021,0.9847,0.9884,0.9972,0.9956,0.0137,0.0168,0.0063,0.0113,1.0,1.0,1.0,1.0
+ shape info,mm_substitution,109,52,mm_substitution_p1,0,unsettled,540,0.0407,0.0204,0.6023,0.6566,0.8897,0.9583,0.1642,0.1417,0.0933,0.0614,1.0,1.0,1.0,1.0
+ shape info,mm_substitution,110,53,mm_substitution_p0,1,late,300,0.03,0.0131,0.7784,0.8387,0.9433,0.972,0.1482,0.0891,0.0367,0.0228,0.8125,0.9062,1.0,0.9688
+ shape info,mm_substitution,111,53,mm_substitution_p0,0,unsettled,540,0.038,0.019,0.6825,0.6708,0.7928,0.8603,0.1252,0.1164,0.1083,0.0804,0.8125,0.9062,1.0,0.9688
+ shape info,mm_substitution,112,54,mm_substitution_p0,1,late,300,0.03,0.0128,0.8311,0.8614,0.9684,0.9853,0.1331,0.094,0.0408,0.0224,0.9062,0.8438,0.9688,0.9688
+ shape info,mm_substitution,113,54,mm_substitution_p0,0,unsettled,540,0.0453,0.0227,0.6905,0.6488,0.7486,0.8417,0.1194,0.1502,0.1428,0.1001,0.9062,0.8438,0.9688,0.9688
+ shape info,mm_substitution,114,55,mm_substitution_p3,1,unsettled,540,0.0487,0.0244,0.4534,0.5622,0.825,0.9414,0.1789,0.1466,0.1512,0.0744,0.9062,1.0,1.0,1.0
+ shape info,mm_substitution,115,55,mm_substitution_p3,0,late,300,0.03,0.008,0.9245,0.9408,0.9605,0.9761,0.0636,0.0403,0.0445,0.0326,0.9062,1.0,1.0,1.0
+ shape info,mm_substitution,116,56,mm_substitution_p3,1,late,300,0.0584,0.0292,0.5891,0.6739,0.8534,0.9028,0.2204,0.1895,0.1255,0.1258,1.0,1.0,1.0,1.0
+ shape info,mm_substitution,117,56,mm_substitution_p3,0,late,300,0.03,0.0085,0.9277,0.9256,0.9516,0.978,0.042,0.0614,0.0552,0.0335,1.0,1.0,1.0,1.0
+ shape info,mm_substitution,118,57,mm_substitution_p3,1,unsettled,540,0.0734,0.0367,0.1589,0.2081,0.4559,0.7152,0.1199,0.1565,0.2711,0.2829,0.8125,0.9688,1.0,1.0
+ shape info,mm_substitution,119,57,mm_substitution_p3,0,free,60,0.03,0.0014,0.9884,0.9958,0.9991,0.9997,0.0178,0.0085,0.0027,0.0018,0.8125,0.9688,1.0,1.0
+ shape info,mm_substitution,120,30,mm_substitution_p3,1,unsettled,540,0.0749,0.0374,0.5011,0.5955,0.8263,0.9761,0.2822,0.2523,0.2499,0.0627,0.8359,0.9609,1.0,1.0
+ shape info,mm_substitution,121,30,mm_substitution_p3,0,late,300,0.03,0.0097,0.85,0.9308,0.9808,0.9964,0.123,0.0607,0.0279,0.0084,0.8359,0.9609,1.0,1.0
+ shape info,mm_substitution,122,58,mm_substitution_p0,1,late,300,0.03,0.0095,0.9336,0.9428,0.9938,0.9998,0.0991,0.102,0.0139,0.0009,1.0,1.0,1.0,1.0
+ shape info,mm_substitution,123,58,mm_substitution_p0,0,unsettled,540,0.03,0.0124,0.823,0.8836,0.9364,0.9742,0.1081,0.0725,0.0643,0.0368,1.0,1.0,1.0,1.0
+ shape info,mm_substitution,124,59,mm_substitution_p1,1,late,300,0.0346,0.0173,0.7895,0.8067,0.9709,0.9998,0.1707,0.169,0.0512,0.0009,0.7188,0.8125,0.9688,1.0
+ shape info,mm_substitution,125,59,mm_substitution_p1,0,unsettled,540,0.0439,0.0219,0.6367,0.7441,0.8687,0.9606,0.1624,0.1577,0.1289,0.0475,0.7188,0.8125,0.9688,1.0
+ shape info,mm_substitution,126,60,mm_substitution_p3,1,unsettled,540,0.0818,0.0409,0.2091,0.2836,0.6325,0.8102,0.1247,0.1941,0.3364,0.2701,0.8438,0.9688,1.0,1.0
+ shape info,mm_substitution,127,60,mm_substitution_p3,0,free,60,0.03,0.0024,0.978,0.9916,0.9955,0.9991,0.0253,0.0139,0.0117,0.003,0.8438,0.9688,1.0,1.0
+ shape info,mm_substitution,128,61,mm_substitution_p0,1,late,300,0.03,0.0109,0.8969,0.915,0.9727,0.9903,0.1127,0.0869,0.0365,0.0097,1.0,1.0,1.0,1.0
+ shape info,mm_substitution,129,61,mm_substitution_p0,0,early,120,0.03,0.0053,0.9655,0.9777,0.992,0.9958,0.0553,0.0406,0.0154,0.0096,1.0,1.0,1.0,1.0
+ shape info,mm_substitution,130,62,mm_substitution_p2,1,early,120,0.0317,0.0159,0.8153,0.8378,0.8269,0.8486,0.1209,0.0954,0.0844,0.0584,0.375,0.4375,0.5,0.7812
+ shape info,mm_substitution,131,62,mm_substitution_p2,0,unsettled,540,0.0472,0.0236,0.5297,0.5392,0.7481,0.89,0.12,0.154,0.1616,0.099,0.375,0.4375,0.5,0.7812
+ shape info,mm_substitution,132,35,mm_substitution_p0,1,unsettled,540,0.03,0.0125,0.922,0.8623,0.9531,0.9969,0.0773,0.1246,0.0722,0.0093,1.0,0.9844,1.0,1.0
+ shape info,mm_substitution,133,35,mm_substitution_p0,0,unsettled,540,0.03,0.0148,0.6708,0.8023,0.9173,0.9723,0.1183,0.1045,0.0773,0.0346,1.0,0.9844,1.0,1.0
+ shape info,mm_substitution,134,63,mm_substitution_p2,1,unsettled,540,0.0599,0.03,0.2187,0.3377,0.7423,0.9766,0.139,0.2028,0.2882,0.0481,0.4375,0.7188,0.8438,1.0
+ shape info,mm_substitution,135,63,mm_substitution_p2,0,late,300,0.03,0.0066,0.9448,0.9489,0.9766,0.993,0.0486,0.0512,0.0364,0.0128,0.4375,0.7188,0.8438,1.0
+ shape info,mm_substitution,136,64,mm_substitution_p2,1,unsettled,540,0.0585,0.0292,0.3548,0.4375,0.6992,0.8967,0.1176,0.1388,0.2541,0.1514,0.0938,0.3125,0.6562,0.875
+ shape info,mm_substitution,137,64,mm_substitution_p2,0,late,300,0.03,0.0115,0.8247,0.8519,0.9248,0.9509,0.0635,0.0825,0.0623,0.0517,0.0938,0.3125,0.6562,0.875
+ shape info,mm_substitution,138,65,mm_substitution_p1,1,late,300,0.03,0.0071,0.9502,0.9484,0.9928,0.9962,0.0638,0.0704,0.014,0.0113,1.0,1.0,1.0,1.0
+ shape info,mm_substitution,139,65,mm_substitution_p1,0,free,60,0.03,0.002,0.9866,0.9916,0.9986,0.9991,0.0222,0.0169,0.0034,0.003,1.0,1.0,1.0,1.0
+ shape info,mm_substitution,140,66,mm_substitution_p0,1,late,300,0.03,0.0079,0.8717,0.9639,0.9983,0.9997,0.1197,0.0537,0.0045,0.0018,0.7188,0.9062,1.0,1.0
+ shape info,mm_substitution,141,66,mm_substitution_p0,0,late,300,0.0598,0.0299,0.5764,0.5327,0.7142,0.7636,0.1801,0.1801,0.1463,0.17,0.7188,0.9062,1.0,1.0
+ shape info,mm_substitution,142,67,mm_substitution_p0,1,unsettled,540,0.0502,0.0251,0.5922,0.6783,0.8331,0.9034,0.2212,0.1785,0.1109,0.0571,1.0,1.0,1.0,1.0
+ shape info,mm_substitution,143,67,mm_substitution_p0,0,early,120,0.03,0.008,0.9475,0.9603,0.9802,0.9859,0.0639,0.0632,0.0303,0.0238,1.0,1.0,1.0,1.0
+ shape info,mm_substitution,144,68,mm_substitution_p0,1,free,60,0.03,0.0005,0.995,0.9991,0.9998,0.9998,0.0079,0.0027,0.0009,0.0009,1.0,1.0,1.0,1.0
+ shape info,mm_substitution,145,68,mm_substitution_p0,0,late,300,0.0348,0.0174,0.7778,0.8513,0.9538,0.9845,0.1777,0.1328,0.0539,0.0297,1.0,1.0,1.0,1.0
+ shape info,mm_substitution,146,69,mm_substitution_p3,1,late,300,0.0366,0.0183,0.865,0.8834,0.9859,0.9975,0.1955,0.1737,0.0358,0.0092,0.9375,0.9688,1.0,1.0
+ shape info,mm_substitution,147,69,mm_substitution_p3,0,unsettled,540,0.0707,0.0353,0.5442,0.6787,0.838,0.9697,0.2564,0.2847,0.2161,0.0423,0.9375,0.9688,1.0,1.0
+ shape info,mm_substitution,148,70,mm_substitution_p3,1,late,300,0.0594,0.0297,0.6416,0.7017,0.7864,0.8361,0.1873,0.22,0.16,0.1045,0.25,0.5,0.8125,0.8125
+ shape info,mm_substitution,149,70,mm_substitution_p3,0,late,300,0.0466,0.0233,0.5958,0.6592,0.8733,0.9181,0.1929,0.1641,0.0883,0.0824,0.25,0.5,0.8125,0.8125
+ shape info,mm_substitution,150,65,mm_substitution_p1,1,late,300,0.03,0.0071,0.9502,0.9484,0.9928,0.9962,0.0638,0.0704,0.014,0.0113,1.0,1.0,1.0,1.0
+ shape info,mm_substitution,151,65,mm_substitution_p1,0,early,120,0.03,0.0068,0.9512,0.9666,0.9825,0.99,0.0655,0.0401,0.0289,0.0194,1.0,1.0,1.0,1.0
+ shape info,mm_substitution,152,71,mm_substitution_p1,1,unsettled,540,0.0646,0.0323,0.4219,0.595,0.8455,0.9811,0.1972,0.24,0.236,0.0572,0.9141,0.9688,0.9688,1.0
+ shape info,mm_substitution,153,71,mm_substitution_p1,0,early,120,0.03,0.0056,0.9536,0.9667,0.9819,0.9884,0.0407,0.0291,0.0304,0.0256,0.9141,0.9688,0.9688,1.0
+ shape info,mm_substitution,154,72,mm_substitution_p0,1,free,60,0.03,0.0028,0.9775,0.9847,0.9962,0.9966,0.026,0.0224,0.0087,0.0055,1.0,1.0,1.0,1.0
+ shape info,mm_substitution,155,72,mm_substitution_p0,0,unsettled,540,0.0587,0.0293,0.5978,0.5555,0.7106,0.8109,0.1845,0.1791,0.1667,0.1337,1.0,1.0,1.0,1.0
+ shape info,mm_substitution,156,73,mm_substitution_p0,1,late,300,0.03,0.0125,0.8381,0.9209,0.9702,0.9841,0.1446,0.0983,0.0297,0.011,0.7969,0.8438,0.9688,1.0
+ shape info,mm_substitution,157,73,mm_substitution_p0,0,late,300,0.03,0.014,0.7961,0.8573,0.9608,0.9748,0.1459,0.0843,0.0443,0.0426,0.7969,0.8438,0.9688,1.0
+ shape info,mm_substitution,158,74,mm_substitution_p3,1,free,60,0.03,0.0007,0.9953,0.9991,0.9997,0.9991,0.0079,0.0027,0.0018,0.003,1.0,1.0,1.0,1.0
+ shape info,mm_substitution,159,74,mm_substitution_p3,0,unsettled,540,0.043,0.0215,0.6264,0.6414,0.8992,0.9784,0.1744,0.1632,0.1049,0.0437,1.0,1.0,1.0,1.0
+ shape info,mm_substitution,160,75,mm_substitution_p1,1,unsettled,540,0.0716,0.0358,0.538,0.48,0.6567,0.7795,0.2161,0.1741,0.2194,0.201,0.4688,0.5,0.8438,0.9062
+ shape info,mm_substitution,161,75,mm_substitution_p1,0,late,300,0.0339,0.0169,0.7383,0.845,0.9461,0.978,0.1705,0.1104,0.0663,0.0362,0.4688,0.5,0.8438,0.9062
+ shape info,mm_substitution,162,76,mm_substitution_p1,1,unsettled,540,0.0545,0.0272,0.3911,0.3328,0.42,0.5422,0.1482,0.1395,0.1543,0.1741,0.3125,0.125,0.2812,0.5938
+ shape info,mm_substitution,163,76,mm_substitution_p1,0,late,300,0.03,0.0109,0.8438,0.8684,0.942,0.9708,0.0802,0.0768,0.0514,0.0382,0.3125,0.125,0.2812,0.5938
+ shape info,mm_substitution,164,77,mm_substitution_p2,1,unsettled,540,0.0475,0.0238,0.6523,0.6377,0.8459,0.9789,0.1888,0.1706,0.1426,0.0356,1.0,1.0,1.0,1.0
+ shape info,mm_substitution,165,77,mm_substitution_p2,0,free,60,0.03,0.0049,0.9653,0.9708,0.9828,0.9902,0.033,0.0319,0.0269,0.0193,1.0,1.0,1.0,1.0
+ shape info,mm_substitution,166,78,mm_substitution_p1,1,free,60,0.03,0.0059,0.9794,0.9666,0.9887,0.9792,0.0236,0.0717,0.0143,0.023,1.0,1.0,1.0,1.0
+ shape info,mm_substitution,167,78,mm_substitution_p1,0,free,60,0.03,0.0036,0.9708,0.9862,0.9944,0.9964,0.0397,0.0207,0.0127,0.0088,1.0,1.0,1.0,1.0
+ shape info,mm_substitution,168,79,mm_substitution_p2,1,free,60,0.03,0.0022,0.9794,0.9884,0.9983,0.9991,0.0274,0.0147,0.0045,0.003,1.0,1.0,1.0,1.0
+ shape info,mm_substitution,169,79,mm_substitution_p2,0,unsettled,540,0.0363,0.0181,0.7103,0.788,0.9016,0.9502,0.1467,0.1207,0.0807,0.0622,1.0,1.0,1.0,1.0
+ shape info,mm_substitution,170,80,mm_substitution_p2,1,unsettled,540,0.0386,0.0193,0.5856,0.7375,0.893,0.9683,0.1981,0.1058,0.0957,0.0373,0.9688,1.0,1.0,1.0
+ shape info,mm_substitution,171,80,mm_substitution_p2,0,late,300,0.03,0.0106,0.9081,0.8981,0.9392,0.9456,0.0655,0.0677,0.0547,0.0513,0.9688,1.0,1.0,1.0
+ shape info,mm_substitution,172,71,mm_substitution_p1,1,unsettled,540,0.0497,0.0249,0.6148,0.7284,0.9458,0.9966,0.2315,0.2123,0.1028,0.016,0.9141,0.9688,0.9688,1.0
+ shape info,mm_substitution,173,71,mm_substitution_p1,0,unsettled,540,0.03,0.0092,0.9237,0.9309,0.9364,0.9677,0.0521,0.0415,0.0692,0.0452,0.9141,0.9688,0.9688,1.0
+ shape info,mm_substitution,174,81,mm_substitution_p0,1,late,300,0.03,0.011,0.855,0.9134,0.9809,0.998,0.1427,0.0751,0.0258,0.0047,1.0,1.0,1.0,1.0
+ shape info,mm_substitution,175,81,mm_substitution_p0,0,unsettled,540,0.0369,0.0185,0.7637,0.7541,0.8503,0.9048,0.0989,0.1297,0.1103,0.0788,1.0,1.0,1.0,1.0
+ shape info,mm_substitution,176,82,mm_substitution_p1,1,late,300,0.03,0.0111,0.9417,0.8934,0.9819,0.9925,0.0775,0.128,0.0255,0.0211,1.0,1.0,1.0,1.0
+ shape info,mm_substitution,177,82,mm_substitution_p1,0,free,60,0.03,0.0023,0.9842,0.9925,0.995,0.9986,0.0237,0.0139,0.0104,0.0039,1.0,1.0,1.0,1.0
+ shape info,mm_substitution,178,83,mm_substitution_p3,1,unsettled,540,0.0488,0.0244,0.5892,0.6783,0.8025,0.8928,0.2092,0.1484,0.1297,0.065,0.9062,0.9375,0.9688,0.9688
+ shape info,mm_substitution,179,83,mm_substitution_p3,0,late,300,0.03,0.0148,0.8462,0.8198,0.883,0.9106,0.0908,0.0925,0.0809,0.0707,0.9062,0.9375,0.9688,0.9688
+ shape info,mm_substitution,180,84,mm_substitution_p1,1,late,300,0.0413,0.0207,0.7775,0.8211,0.972,0.9762,0.2149,0.1515,0.0451,0.0563,0.9688,1.0,1.0,1.0
+ shape info,mm_substitution,181,84,mm_substitution_p1,0,late,300,0.03,0.0079,0.9456,0.9456,0.9673,0.9817,0.0634,0.0478,0.0417,0.0268,0.9688,1.0,1.0,1.0
+ shape info,mm_substitution,182,73,mm_substitution_p0,1,late,300,0.03,0.0125,0.8381,0.9209,0.9702,0.9841,0.1446,0.0983,0.0297,0.011,0.7969,0.8438,0.9688,1.0
+ shape info,mm_substitution,183,73,mm_substitution_p0,0,unsettled,540,0.0465,0.0233,0.5461,0.5003,0.6909,0.8142,0.1428,0.1024,0.1399,0.1412,0.7969,0.8438,0.9688,1.0
+ shape info,mm_substitution,184,85,mm_substitution_p1,1,late,300,0.03,0.0119,0.937,0.9367,0.9925,0.9959,0.1299,0.1036,0.0249,0.0113,1.0,1.0,1.0,1.0
+ shape info,mm_substitution,185,85,mm_substitution_p1,0,unsettled,540,0.0435,0.0218,0.7166,0.7939,0.8839,0.9633,0.1807,0.1371,0.1242,0.0502,1.0,1.0,1.0,1.0
+ shape info,mm_substitution,186,85,mm_substitution_p1,1,late,300,0.03,0.0119,0.937,0.9367,0.9925,0.9959,0.1299,0.1036,0.0249,0.0113,1.0,1.0,1.0,1.0
+ shape info,mm_substitution,187,85,mm_substitution_p1,0,unsettled,540,0.0389,0.0194,0.7625,0.848,0.9177,0.9803,0.175,0.1245,0.1053,0.0348,1.0,1.0,1.0,1.0
+ shape info,mm_substitution,188,86,mm_substitution_p1,1,unsettled,540,0.0754,0.0377,0.3358,0.3219,0.4542,0.6353,0.1713,0.1622,0.2499,0.2696,1.0,1.0,1.0,1.0
+ shape info,mm_substitution,189,86,mm_substitution_p1,0,free,60,0.03,0.0009,0.9931,0.9958,0.9994,0.9995,0.0106,0.0056,0.0025,0.002,1.0,1.0,1.0,1.0
+ shape info,mm_substitution,190,87,mm_substitution_p2,1,unsettled,540,0.0543,0.0271,0.4559,0.5637,0.7548,0.83,0.1712,0.1632,0.1522,0.1274,0.125,0.1562,0.3125,0.375
+ shape info,mm_substitution,191,87,mm_substitution_p2,0,unsettled,540,0.0513,0.0256,0.6263,0.6094,0.7267,0.8423,0.1596,0.1567,0.171,0.0931,0.125,0.1562,0.3125,0.375
+ shape info,mm_substitution,192,88,mm_substitution_p2,1,unsettled,540,0.0417,0.0208,0.7917,0.7762,0.9275,0.9841,0.175,0.1711,0.0922,0.0329,1.0,1.0,1.0,1.0
+ shape info,mm_substitution,193,88,mm_substitution_p2,0,late,300,0.03,0.0087,0.8933,0.9172,0.9739,0.9833,0.0761,0.0618,0.0315,0.0284,1.0,1.0,1.0,1.0
+ shape info,mm_substitution,194,89,mm_substitution_p2,1,unsettled,540,0.0568,0.0284,0.6605,0.7292,0.8378,0.9155,0.2442,0.196,0.1205,0.0815,0.4375,0.5938,0.9062,1.0
+ shape info,mm_substitution,195,89,mm_substitution_p2,0,unsettled,540,0.0564,0.0282,0.6311,0.6987,0.927,0.9861,0.2621,0.2435,0.1064,0.0264,0.4375,0.5938,0.9062,1.0
+ shape info,mm_substitution,196,90,mm_substitution_p3,1,unsettled,540,0.0758,0.0379,0.1886,0.1667,0.4123,0.5956,0.1226,0.0881,0.3032,0.3433,0.0,0.0,0.1875,0.5312
+ shape info,mm_substitution,197,90,mm_substitution_p3,0,unsettled,540,0.0425,0.0213,0.4967,0.633,0.8595,0.9359,0.177,0.1461,0.1056,0.0525,0.0,0.0,0.1875,0.5312
+ shape info,mm_substitution,198,91,mm_substitution_p3,1,late,300,0.03,0.0094,0.8706,0.9227,0.9753,0.9897,0.094,0.0723,0.0295,0.0173,1.0,1.0,1.0,1.0
+ shape info,mm_substitution,199,91,mm_substitution_p3,0,unsettled,540,0.039,0.0195,0.7631,0.7217,0.8186,0.8705,0.116,0.1369,0.1102,0.0785,1.0,1.0,1.0,1.0
