split,condition,generator,n,draw,grad_accum,auroc,source
ant_hh,request_minimal_600,llama70b,60,0,4,0.6597,origin/generator_experiment_1:analysis/refit_studies/hu_harm_split_targeted_refusal/request_minimal_600_f10b_d0.json
ant_hh,request_minimal_600,llama70b,60,1,4,0.6483,origin/generator_experiment_1:analysis/refit_studies/hu_harm_split_targeted_refusal/request_minimal_600_f10b_d1.json
ant_hh,request_minimal_600,llama70b,60,2,4,0.6928,origin/generator_experiment_1:analysis/refit_studies/hu_harm_split_targeted_refusal/request_minimal_600_f10b_d2.json
ant_hh,request_minimal_600,llama70b,60,3,4,0.6227,origin/generator_experiment_1:analysis/refit_studies/hu_harm_split_targeted_refusal/request_minimal_600_f10b_d3.json
ant_hh,request_minimal_600,llama70b,60,4,4,0.6448,origin/generator_experiment_1:analysis/refit_studies/hu_harm_split_targeted_refusal/request_minimal_600_f10b_d4.json
ant_hh,request_minimal_600,llama70b,60,5,4,0.6708,origin/generator_experiment_1:analysis/refit_studies/hu_harm_split_targeted_refusal/request_minimal_600_f10b_d5.json
ant_hh,request_minimal_600,llama70b,60,6,4,0.6334,origin/generator_experiment_1:analysis/refit_studies/hu_harm_split_targeted_refusal/request_minimal_600_f10b_d6.json
ant_hh,request_minimal_600,llama70b,60,7,4,0.6462,origin/generator_experiment_1:analysis/refit_studies/hu_harm_split_targeted_refusal/request_minimal_600_f10b_d7.json
ant_hh,request_minimal_600,llama70b,120,0,4,0.6501,origin/generator_experiment_1:analysis/refit_studies/hu_harm_split_targeted_refusal/request_minimal_600_f20b_d0.json
ant_hh,request_minimal_600,llama70b,120,1,4,0.687,origin/generator_experiment_1:analysis/refit_studies/hu_harm_split_targeted_refusal/request_minimal_600_f20b_d1.json
ant_hh,request_minimal_600,llama70b,120,2,4,0.64,origin/generator_experiment_1:analysis/refit_studies/hu_harm_split_targeted_refusal/request_minimal_600_f20b_d2.json
ant_hh,request_minimal_600,llama70b,120,3,4,0.6376,origin/generator_experiment_1:analysis/refit_studies/hu_harm_split_targeted_refusal/request_minimal_600_f20b_d3.json
ant_hh,request_minimal_600,llama70b,120,4,4,0.6535,origin/generator_experiment_1:analysis/refit_studies/hu_harm_split_targeted_refusal/request_minimal_600_f20b_d4.json
ant_hh,request_minimal_600,llama70b,120,5,4,0.6251,origin/generator_experiment_1:analysis/refit_studies/hu_harm_split_targeted_refusal/request_minimal_600_f20b_d5.json
ant_hh,request_minimal_600,llama70b,120,6,4,0.6508,origin/generator_experiment_1:analysis/refit_studies/hu_harm_split_targeted_refusal/request_minimal_600_f20b_d6.json
ant_hh,request_minimal_600,llama70b,120,7,4,0.6386,origin/generator_experiment_1:analysis/refit_studies/hu_harm_split_targeted_refusal/request_minimal_600_f20b_d7.json
ant_hh,request_minimal_600,llama70b,300,0,4,0.6782,origin/generator_experiment_1:analysis/refit_studies/hu_harm_split_targeted_refusal/request_minimal_600_f50b_d0.json
ant_hh,request_minimal_600,llama70b,300,1,4,0.7161,origin/generator_experiment_1:analysis/refit_studies/hu_harm_split_targeted_refusal/request_minimal_600_f50b_d1.json
ant_hh,request_minimal_600,llama70b,300,2,4,0.6477,origin/generator_experiment_1:analysis/refit_studies/hu_harm_split_targeted_refusal/request_minimal_600_f50b_d2.json
ant_hh,request_minimal_600,llama70b,300,3,4,0.6444,origin/generator_experiment_1:analysis/refit_studies/hu_harm_split_targeted_refusal/request_minimal_600_f50b_d3.json
ant_hh,request_minimal_600,llama70b,300,4,4,0.6974,origin/generator_experiment_1:analysis/refit_studies/hu_harm_split_targeted_refusal/request_minimal_600_f50b_d4.json
ant_hh,request_minimal_600,llama70b,300,5,4,0.6495,origin/generator_experiment_1:analysis/refit_studies/hu_harm_split_targeted_refusal/request_minimal_600_f50b_d5.json
ant_hh,request_minimal_600,llama70b,300,6,4,0.6819,origin/generator_experiment_1:analysis/refit_studies/hu_harm_split_targeted_refusal/request_minimal_600_f50b_d6.json
ant_hh,request_minimal_600,llama70b,300,7,4,0.6994,origin/generator_experiment_1:analysis/refit_studies/hu_harm_split_targeted_refusal/request_minimal_600_f50b_d7.json
ant_hh,request_minimal_600,llama70b,30,0,2,0.6283,origin/generator_experiment_1:analysis/refit_studies/hu_harm_split_targeted_refusal/request_minimal_600_f5b_d0.json
ant_hh,request_minimal_600,llama70b,30,1,2,0.6789,origin/generator_experiment_1:analysis/refit_studies/hu_harm_split_targeted_refusal/request_minimal_600_f5b_d1.json
ant_hh,request_minimal_600,llama70b,30,2,2,0.6489,origin/generator_experiment_1:analysis/refit_studies/hu_harm_split_targeted_refusal/request_minimal_600_f5b_d2.json
ant_hh,request_minimal_600,llama70b,30,3,2,0.6635,origin/generator_experiment_1:analysis/refit_studies/hu_harm_split_targeted_refusal/request_minimal_600_f5b_d3.json
ant_hh,request_minimal_600,llama70b,30,4,2,0.5852,origin/generator_experiment_1:analysis/refit_studies/hu_harm_split_targeted_refusal/request_minimal_600_f5b_d4.json
ant_hh,request_minimal_600,llama70b,30,5,2,0.6804,origin/generator_experiment_1:analysis/refit_studies/hu_harm_split_targeted_refusal/request_minimal_600_f5b_d5.json
ant_hh,request_minimal_600,llama70b,30,6,2,0.7274,origin/generator_experiment_1:analysis/refit_studies/hu_harm_split_targeted_refusal/request_minimal_600_f5b_d6.json
ant_hh,request_minimal_600,llama70b,30,7,2,0.6272,origin/generator_experiment_1:analysis/refit_studies/hu_harm_split_targeted_refusal/request_minimal_600_f5b_d7.json
ant_hh,request_minimal_600,llama70b,540,0,4,0.6985,origin/generator_experiment_1:analysis/refit_studies/hu_harm_split_targeted_refusal/request_minimal_600_f90_d0.json
ant_hh,request_minimal_600,llama70b,540,1,4,0.6798,origin/generator_experiment_1:analysis/refit_studies/hu_harm_split_targeted_refusal/request_minimal_600_f90_d1.json
ant_hh,request_minimal_600,llama70b,540,2,4,0.6998,origin/generator_experiment_1:analysis/refit_studies/hu_harm_split_targeted_refusal/request_minimal_600_f90_d2.json
ant_hh,request_minimal_600,llama70b,540,3,4,0.709,origin/generator_experiment_1:analysis/refit_studies/hu_harm_split_targeted_refusal/request_minimal_600_f90_d3.json
ant_hh,request_minimal_600,llama70b,10,0,1,0.5141,origin/generator_experiment_1:analysis/refit_studies/hu_harm_split_targeted_refusal/request_minimal_600_n10b_d0.json
ant_hh,request_minimal_600,llama70b,10,1,1,0.6174,origin/generator_experiment_1:analysis/refit_studies/hu_harm_split_targeted_refusal/request_minimal_600_n10b_d1.json
ant_hh,request_minimal_600,llama70b,10,2,1,0.5759,origin/generator_experiment_1:analysis/refit_studies/hu_harm_split_targeted_refusal/request_minimal_600_n10b_d2.json
ant_hh,request_minimal_600,llama70b,10,3,1,0.5838,origin/generator_experiment_1:analysis/refit_studies/hu_harm_split_targeted_refusal/request_minimal_600_n10b_d3.json
ant_hh,request_minimal_600,llama70b,10,4,1,0.6252,origin/generator_experiment_1:analysis/refit_studies/hu_harm_split_targeted_refusal/request_minimal_600_n10b_d4.json
ant_hh,request_minimal_600,llama70b,10,5,1,0.5793,origin/generator_experiment_1:analysis/refit_studies/hu_harm_split_targeted_refusal/request_minimal_600_n10b_d5.json
ant_hh,request_minimal_600,llama70b,10,6,1,0.5192,origin/generator_experiment_1:analysis/refit_studies/hu_harm_split_targeted_refusal/request_minimal_600_n10b_d6.json
ant_hh,request_minimal_600,llama70b,10,7,1,0.7585,origin/generator_experiment_1:analysis/refit_studies/hu_harm_split_targeted_refusal/request_minimal_600_n10b_d7.json
ant_hh,request_minimal_600,llama70b,15,0,1,0.6327,origin/generator_experiment_1:analysis/refit_studies/hu_harm_split_targeted_refusal/request_minimal_600_n15b_d0.json
ant_hh,request_minimal_600,llama70b,15,1,1,0.6303,origin/generator_experiment_1:analysis/refit_studies/hu_harm_split_targeted_refusal/request_minimal_600_n15b_d1.json
ant_hh,request_minimal_600,llama70b,15,2,1,0.6759,origin/generator_experiment_1:analysis/refit_studies/hu_harm_split_targeted_refusal/request_minimal_600_n15b_d2.json
ant_hh,request_minimal_600,llama70b,15,3,1,0.6149,origin/generator_experiment_1:analysis/refit_studies/hu_harm_split_targeted_refusal/request_minimal_600_n15b_d3.json
ant_hh,request_minimal_600,llama70b,15,4,1,0.5581,origin/generator_experiment_1:analysis/refit_studies/hu_harm_split_targeted_refusal/request_minimal_600_n15b_d4.json
ant_hh,request_minimal_600,llama70b,15,5,1,0.6563,origin/generator_experiment_1:analysis/refit_studies/hu_harm_split_targeted_refusal/request_minimal_600_n15b_d5.json
ant_hh,request_minimal_600,llama70b,15,6,1,0.6194,origin/generator_experiment_1:analysis/refit_studies/hu_harm_split_targeted_refusal/request_minimal_600_n15b_d6.json
ant_hh,request_minimal_600,llama70b,15,7,1,0.654,origin/generator_experiment_1:analysis/refit_studies/hu_harm_split_targeted_refusal/request_minimal_600_n15b_d7.json
balanced_refusal,request_minimal_600,llama70b,60,0,4,0.9693,origin/generator_experiment_1:analysis/refit_studies/hu_harm_split_targeted_refusal/request_minimal_600_f10b_d0.json
balanced_refusal,request_minimal_600,llama70b,60,1,4,0.9129,origin/generator_experiment_1:analysis/refit_studies/hu_harm_split_targeted_refusal/request_minimal_600_f10b_d1.json
balanced_refusal,request_minimal_600,llama70b,60,2,4,0.9758,origin/generator_experiment_1:analysis/refit_studies/hu_harm_split_targeted_refusal/request_minimal_600_f10b_d2.json
balanced_refusal,request_minimal_600,llama70b,60,3,4,0.967,origin/generator_experiment_1:analysis/refit_studies/hu_harm_split_targeted_refusal/request_minimal_600_f10b_d3.json
balanced_refusal,request_minimal_600,llama70b,60,4,4,0.8996,origin/generator_experiment_1:analysis/refit_studies/hu_harm_split_targeted_refusal/request_minimal_600_f10b_d4.json
balanced_refusal,request_minimal_600,llama70b,60,5,4,0.8844,origin/generator_experiment_1:analysis/refit_studies/hu_harm_split_targeted_refusal/request_minimal_600_f10b_d5.json
balanced_refusal,request_minimal_600,llama70b,60,6,4,0.9508,origin/generator_experiment_1:analysis/refit_studies/hu_harm_split_targeted_refusal/request_minimal_600_f10b_d6.json
balanced_refusal,request_minimal_600,llama70b,60,7,4,0.8996,origin/generator_experiment_1:analysis/refit_studies/hu_harm_split_targeted_refusal/request_minimal_600_f10b_d7.json
balanced_refusal,request_minimal_600,llama70b,120,0,4,0.9598,origin/generator_experiment_1:analysis/refit_studies/hu_harm_split_targeted_refusal/request_minimal_600_f20b_d0.json
balanced_refusal,request_minimal_600,llama70b,120,1,4,0.961,origin/generator_experiment_1:analysis/refit_studies/hu_harm_split_targeted_refusal/request_minimal_600_f20b_d1.json
balanced_refusal,request_minimal_600,llama70b,120,2,4,0.9458,origin/generator_experiment_1:analysis/refit_studies/hu_harm_split_targeted_refusal/request_minimal_600_f20b_d2.json
balanced_refusal,request_minimal_600,llama70b,120,3,4,0.9786,origin/generator_experiment_1:analysis/refit_studies/hu_harm_split_targeted_refusal/request_minimal_600_f20b_d3.json
balanced_refusal,request_minimal_600,llama70b,120,4,4,0.9638,origin/generator_experiment_1:analysis/refit_studies/hu_harm_split_targeted_refusal/request_minimal_600_f20b_d4.json
balanced_refusal,request_minimal_600,llama70b,120,5,4,0.9243,origin/generator_experiment_1:analysis/refit_studies/hu_harm_split_targeted_refusal/request_minimal_600_f20b_d5.json
balanced_refusal,request_minimal_600,llama70b,120,6,4,0.9642,origin/generator_experiment_1:analysis/refit_studies/hu_harm_split_targeted_refusal/request_minimal_600_f20b_d6.json
balanced_refusal,request_minimal_600,llama70b,120,7,4,0.97,origin/generator_experiment_1:analysis/refit_studies/hu_harm_split_targeted_refusal/request_minimal_600_f20b_d7.json
balanced_refusal,request_minimal_600,llama70b,300,0,4,0.9416,origin/generator_experiment_1:analysis/refit_studies/hu_harm_split_targeted_refusal/request_minimal_600_f50b_d0.json
balanced_refusal,request_minimal_600,llama70b,300,1,4,0.9067,origin/generator_experiment_1:analysis/refit_studies/hu_harm_split_targeted_refusal/request_minimal_600_f50b_d1.json
balanced_refusal,request_minimal_600,llama70b,300,2,4,0.9644,origin/generator_experiment_1:analysis/refit_studies/hu_harm_split_targeted_refusal/request_minimal_600_f50b_d2.json
balanced_refusal,request_minimal_600,llama70b,300,3,4,0.9515,origin/generator_experiment_1:analysis/refit_studies/hu_harm_split_targeted_refusal/request_minimal_600_f50b_d3.json
balanced_refusal,request_minimal_600,llama70b,300,4,4,0.945,origin/generator_experiment_1:analysis/refit_studies/hu_harm_split_targeted_refusal/request_minimal_600_f50b_d4.json
balanced_refusal,request_minimal_600,llama70b,300,5,4,0.9548,origin/generator_experiment_1:analysis/refit_studies/hu_harm_split_targeted_refusal/request_minimal_600_f50b_d5.json
balanced_refusal,request_minimal_600,llama70b,300,6,4,0.9523,origin/generator_experiment_1:analysis/refit_studies/hu_harm_split_targeted_refusal/request_minimal_600_f50b_d6.json
balanced_refusal,request_minimal_600,llama70b,300,7,4,0.8757,origin/generator_experiment_1:analysis/refit_studies/hu_harm_split_targeted_refusal/request_minimal_600_f50b_d7.json
balanced_refusal,request_minimal_600,llama70b,30,0,2,0.9266,origin/generator_experiment_1:analysis/refit_studies/hu_harm_split_targeted_refusal/request_minimal_600_f5b_d0.json
balanced_refusal,request_minimal_600,llama70b,30,1,2,0.9027,origin/generator_experiment_1:analysis/refit_studies/hu_harm_split_targeted_refusal/request_minimal_600_f5b_d1.json
balanced_refusal,request_minimal_600,llama70b,30,2,2,0.9808,origin/generator_experiment_1:analysis/refit_studies/hu_harm_split_targeted_refusal/request_minimal_600_f5b_d2.json
balanced_refusal,request_minimal_600,llama70b,30,3,2,0.9524,origin/generator_experiment_1:analysis/refit_studies/hu_harm_split_targeted_refusal/request_minimal_600_f5b_d3.json
balanced_refusal,request_minimal_600,llama70b,30,4,2,0.9794,origin/generator_experiment_1:analysis/refit_studies/hu_harm_split_targeted_refusal/request_minimal_600_f5b_d4.json
balanced_refusal,request_minimal_600,llama70b,30,5,2,0.9434,origin/generator_experiment_1:analysis/refit_studies/hu_harm_split_targeted_refusal/request_minimal_600_f5b_d5.json
balanced_refusal,request_minimal_600,llama70b,30,6,2,0.869,origin/generator_experiment_1:analysis/refit_studies/hu_harm_split_targeted_refusal/request_minimal_600_f5b_d6.json
balanced_refusal,request_minimal_600,llama70b,30,7,2,0.9638,origin/generator_experiment_1:analysis/refit_studies/hu_harm_split_targeted_refusal/request_minimal_600_f5b_d7.json
balanced_refusal,request_minimal_600,llama70b,540,0,4,0.9584,origin/generator_experiment_1:analysis/refit_studies/hu_harm_split_targeted_refusal/request_minimal_600_f90_d0.json
balanced_refusal,request_minimal_600,llama70b,540,1,4,0.942,origin/generator_experiment_1:analysis/refit_studies/hu_harm_split_targeted_refusal/request_minimal_600_f90_d1.json
balanced_refusal,request_minimal_600,llama70b,540,2,4,0.9667,origin/generator_experiment_1:analysis/refit_studies/hu_harm_split_targeted_refusal/request_minimal_600_f90_d2.json
balanced_refusal,request_minimal_600,llama70b,540,3,4,0.9303,origin/generator_experiment_1:analysis/refit_studies/hu_harm_split_targeted_refusal/request_minimal_600_f90_d3.json
balanced_refusal,request_minimal_600,llama70b,10,0,1,0.7798,origin/generator_experiment_1:analysis/refit_studies/hu_harm_split_targeted_refusal/request_minimal_600_n10b_d0.json
balanced_refusal,request_minimal_600,llama70b,10,1,1,0.8853,origin/generator_experiment_1:analysis/refit_studies/hu_harm_split_targeted_refusal/request_minimal_600_n10b_d1.json
balanced_refusal,request_minimal_600,llama70b,10,2,1,0.85,origin/generator_experiment_1:analysis/refit_studies/hu_harm_split_targeted_refusal/request_minimal_600_n10b_d2.json
balanced_refusal,request_minimal_600,llama70b,10,3,1,0.7952,origin/generator_experiment_1:analysis/refit_studies/hu_harm_split_targeted_refusal/request_minimal_600_n10b_d3.json
balanced_refusal,request_minimal_600,llama70b,10,4,1,0.8741,origin/generator_experiment_1:analysis/refit_studies/hu_harm_split_targeted_refusal/request_minimal_600_n10b_d4.json
balanced_refusal,request_minimal_600,llama70b,10,5,1,0.7145,origin/generator_experiment_1:analysis/refit_studies/hu_harm_split_targeted_refusal/request_minimal_600_n10b_d5.json
balanced_refusal,request_minimal_600,llama70b,10,6,1,0.9015,origin/generator_experiment_1:analysis/refit_studies/hu_harm_split_targeted_refusal/request_minimal_600_n10b_d6.json
balanced_refusal,request_minimal_600,llama70b,10,7,1,0.8469,origin/generator_experiment_1:analysis/refit_studies/hu_harm_split_targeted_refusal/request_minimal_600_n10b_d7.json
balanced_refusal,request_minimal_600,llama70b,15,0,1,0.8632,origin/generator_experiment_1:analysis/refit_studies/hu_harm_split_targeted_refusal/request_minimal_600_n15b_d0.json
balanced_refusal,request_minimal_600,llama70b,15,1,1,0.8604,origin/generator_experiment_1:analysis/refit_studies/hu_harm_split_targeted_refusal/request_minimal_600_n15b_d1.json
balanced_refusal,request_minimal_600,llama70b,15,2,1,0.9748,origin/generator_experiment_1:analysis/refit_studies/hu_harm_split_targeted_refusal/request_minimal_600_n15b_d2.json
balanced_refusal,request_minimal_600,llama70b,15,3,1,0.8915,origin/generator_experiment_1:analysis/refit_studies/hu_harm_split_targeted_refusal/request_minimal_600_n15b_d3.json
balanced_refusal,request_minimal_600,llama70b,15,4,1,0.8608,origin/generator_experiment_1:analysis/refit_studies/hu_harm_split_targeted_refusal/request_minimal_600_n15b_d4.json
balanced_refusal,request_minimal_600,llama70b,15,5,1,0.8815,origin/generator_experiment_1:analysis/refit_studies/hu_harm_split_targeted_refusal/request_minimal_600_n15b_d5.json
balanced_refusal,request_minimal_600,llama70b,15,6,1,0.938,origin/generator_experiment_1:analysis/refit_studies/hu_harm_split_targeted_refusal/request_minimal_600_n15b_d6.json
balanced_refusal,request_minimal_600,llama70b,15,7,1,0.8818,origin/generator_experiment_1:analysis/refit_studies/hu_harm_split_targeted_refusal/request_minimal_600_n15b_d7.json
ai_dilemmas,ai_dilemmas_minimal_600,llama70b,60,0,4,0.6943,origin/generator_experiment_1:analysis/refit_studies/hu_harm_split_targeted_dilemmas/ai_dilemmas_minimal_600_f10b_d0.json
ai_dilemmas,ai_dilemmas_minimal_600,llama70b,60,1,4,0.684,origin/generator_experiment_1:analysis/refit_studies/hu_harm_split_targeted_dilemmas/ai_dilemmas_minimal_600_f10b_d1.json
ai_dilemmas,ai_dilemmas_minimal_600,llama70b,60,2,4,0.6381,origin/generator_experiment_1:analysis/refit_studies/hu_harm_split_targeted_dilemmas/ai_dilemmas_minimal_600_f10b_d2.json
ai_dilemmas,ai_dilemmas_minimal_600,llama70b,60,3,4,0.7099,origin/generator_experiment_1:analysis/refit_studies/hu_harm_split_targeted_dilemmas/ai_dilemmas_minimal_600_f10b_d3.json
ai_dilemmas,ai_dilemmas_minimal_600,llama70b,60,4,4,0.6426,origin/generator_experiment_1:analysis/refit_studies/hu_harm_split_targeted_dilemmas/ai_dilemmas_minimal_600_f10b_d4.json
ai_dilemmas,ai_dilemmas_minimal_600,llama70b,60,5,4,0.6757,origin/generator_experiment_1:analysis/refit_studies/hu_harm_split_targeted_dilemmas/ai_dilemmas_minimal_600_f10b_d5.json
ai_dilemmas,ai_dilemmas_minimal_600,llama70b,60,6,4,0.6056,origin/generator_experiment_1:analysis/refit_studies/hu_harm_split_targeted_dilemmas/ai_dilemmas_minimal_600_f10b_d6.json
ai_dilemmas,ai_dilemmas_minimal_600,llama70b,60,7,4,0.6568,origin/generator_experiment_1:analysis/refit_studies/hu_harm_split_targeted_dilemmas/ai_dilemmas_minimal_600_f10b_d7.json
ai_dilemmas,ai_dilemmas_minimal_600,llama70b,120,0,4,0.7584,origin/generator_experiment_1:analysis/refit_studies/hu_harm_split_targeted_dilemmas/ai_dilemmas_minimal_600_f20b_d0.json
ai_dilemmas,ai_dilemmas_minimal_600,llama70b,120,1,4,0.7855,origin/generator_experiment_1:analysis/refit_studies/hu_harm_split_targeted_dilemmas/ai_dilemmas_minimal_600_f20b_d1.json
ai_dilemmas,ai_dilemmas_minimal_600,llama70b,120,2,4,0.5735,origin/generator_experiment_1:analysis/refit_studies/hu_harm_split_targeted_dilemmas/ai_dilemmas_minimal_600_f20b_d2.json
ai_dilemmas,ai_dilemmas_minimal_600,llama70b,120,3,4,0.6606,origin/generator_experiment_1:analysis/refit_studies/hu_harm_split_targeted_dilemmas/ai_dilemmas_minimal_600_f20b_d3.json
ai_dilemmas,ai_dilemmas_minimal_600,llama70b,120,4,4,0.7323,origin/generator_experiment_1:analysis/refit_studies/hu_harm_split_targeted_dilemmas/ai_dilemmas_minimal_600_f20b_d4.json
ai_dilemmas,ai_dilemmas_minimal_600,llama70b,120,5,4,0.779,origin/generator_experiment_1:analysis/refit_studies/hu_harm_split_targeted_dilemmas/ai_dilemmas_minimal_600_f20b_d5.json
ai_dilemmas,ai_dilemmas_minimal_600,llama70b,120,6,4,0.6421,origin/generator_experiment_1:analysis/refit_studies/hu_harm_split_targeted_dilemmas/ai_dilemmas_minimal_600_f20b_d6.json
ai_dilemmas,ai_dilemmas_minimal_600,llama70b,120,7,4,0.5862,origin/generator_experiment_1:analysis/refit_studies/hu_harm_split_targeted_dilemmas/ai_dilemmas_minimal_600_f20b_d7.json
ai_dilemmas,ai_dilemmas_minimal_600,llama70b,300,0,4,0.7139,origin/generator_experiment_1:analysis/refit_studies/hu_harm_split_targeted_dilemmas/ai_dilemmas_minimal_600_f50b_d0.json
ai_dilemmas,ai_dilemmas_minimal_600,llama70b,300,1,4,0.6801,origin/generator_experiment_1:analysis/refit_studies/hu_harm_split_targeted_dilemmas/ai_dilemmas_minimal_600_f50b_d1.json
ai_dilemmas,ai_dilemmas_minimal_600,llama70b,300,2,4,0.746,origin/generator_experiment_1:analysis/refit_studies/hu_harm_split_targeted_dilemmas/ai_dilemmas_minimal_600_f50b_d2.json
ai_dilemmas,ai_dilemmas_minimal_600,llama70b,300,3,4,0.7838,origin/generator_experiment_1:analysis/refit_studies/hu_harm_split_targeted_dilemmas/ai_dilemmas_minimal_600_f50b_d3.json
ai_dilemmas,ai_dilemmas_minimal_600,llama70b,300,4,4,0.7509,origin/generator_experiment_1:analysis/refit_studies/hu_harm_split_targeted_dilemmas/ai_dilemmas_minimal_600_f50b_d4.json
ai_dilemmas,ai_dilemmas_minimal_600,llama70b,300,5,4,0.7413,origin/generator_experiment_1:analysis/refit_studies/hu_harm_split_targeted_dilemmas/ai_dilemmas_minimal_600_f50b_d5.json
ai_dilemmas,ai_dilemmas_minimal_600,llama70b,300,6,4,0.6671,origin/generator_experiment_1:analysis/refit_studies/hu_harm_split_targeted_dilemmas/ai_dilemmas_minimal_600_f50b_d6.json
ai_dilemmas,ai_dilemmas_minimal_600,llama70b,300,7,4,0.856,origin/generator_experiment_1:analysis/refit_studies/hu_harm_split_targeted_dilemmas/ai_dilemmas_minimal_600_f50b_d7.json
ai_dilemmas,ai_dilemmas_minimal_600,llama70b,30,0,2,0.581,origin/generator_experiment_1:analysis/refit_studies/hu_harm_split_targeted_dilemmas/ai_dilemmas_minimal_600_f5b_d0.json
ai_dilemmas,ai_dilemmas_minimal_600,llama70b,30,1,2,0.7036,origin/generator_experiment_1:analysis/refit_studies/hu_harm_split_targeted_dilemmas/ai_dilemmas_minimal_600_f5b_d1.json
ai_dilemmas,ai_dilemmas_minimal_600,llama70b,30,2,2,0.5659,origin/generator_experiment_1:analysis/refit_studies/hu_harm_split_targeted_dilemmas/ai_dilemmas_minimal_600_f5b_d2.json
ai_dilemmas,ai_dilemmas_minimal_600,llama70b,30,3,2,0.7102,origin/generator_experiment_1:analysis/refit_studies/hu_harm_split_targeted_dilemmas/ai_dilemmas_minimal_600_f5b_d3.json
ai_dilemmas,ai_dilemmas_minimal_600,llama70b,30,4,2,0.6111,origin/generator_experiment_1:analysis/refit_studies/hu_harm_split_targeted_dilemmas/ai_dilemmas_minimal_600_f5b_d4.json
ai_dilemmas,ai_dilemmas_minimal_600,llama70b,30,5,2,0.7011,origin/generator_experiment_1:analysis/refit_studies/hu_harm_split_targeted_dilemmas/ai_dilemmas_minimal_600_f5b_d5.json
ai_dilemmas,ai_dilemmas_minimal_600,llama70b,30,6,2,0.6445,origin/generator_experiment_1:analysis/refit_studies/hu_harm_split_targeted_dilemmas/ai_dilemmas_minimal_600_f5b_d6.json
ai_dilemmas,ai_dilemmas_minimal_600,llama70b,30,7,2,0.7016,origin/generator_experiment_1:analysis/refit_studies/hu_harm_split_targeted_dilemmas/ai_dilemmas_minimal_600_f5b_d7.json
ai_dilemmas,ai_dilemmas_minimal_600,llama70b,540,0,4,0.7756,origin/generator_experiment_1:analysis/refit_studies/hu_harm_split_targeted_dilemmas/ai_dilemmas_minimal_600_f90_d0.json
ai_dilemmas,ai_dilemmas_minimal_600,llama70b,540,1,4,0.8857,origin/generator_experiment_1:analysis/refit_studies/hu_harm_split_targeted_dilemmas/ai_dilemmas_minimal_600_f90_d1.json
ai_dilemmas,ai_dilemmas_minimal_600,llama70b,540,2,4,0.8473,origin/generator_experiment_1:analysis/refit_studies/hu_harm_split_targeted_dilemmas/ai_dilemmas_minimal_600_f90_d2.json
ai_dilemmas,ai_dilemmas_minimal_600,llama70b,540,3,4,0.7756,origin/generator_experiment_1:analysis/refit_studies/hu_harm_split_targeted_dilemmas/ai_dilemmas_minimal_600_f90_d3.json
ai_dilemmas,ai_dilemmas_minimal_600,llama70b,10,0,1,0.5242,origin/generator_experiment_1:analysis/refit_studies/hu_harm_split_targeted_dilemmas/ai_dilemmas_minimal_600_n10b_d0.json
ai_dilemmas,ai_dilemmas_minimal_600,llama70b,10,1,1,0.5012,origin/generator_experiment_1:analysis/refit_studies/hu_harm_split_targeted_dilemmas/ai_dilemmas_minimal_600_n10b_d1.json
ai_dilemmas,ai_dilemmas_minimal_600,llama70b,10,2,1,0.5509,origin/generator_experiment_1:analysis/refit_studies/hu_harm_split_targeted_dilemmas/ai_dilemmas_minimal_600_n10b_d2.json
ai_dilemmas,ai_dilemmas_minimal_600,llama70b,10,3,1,0.5387,origin/generator_experiment_1:analysis/refit_studies/hu_harm_split_targeted_dilemmas/ai_dilemmas_minimal_600_n10b_d3.json
ai_dilemmas,ai_dilemmas_minimal_600,llama70b,10,4,1,0.5694,origin/generator_experiment_1:analysis/refit_studies/hu_harm_split_targeted_dilemmas/ai_dilemmas_minimal_600_n10b_d4.json
ai_dilemmas,ai_dilemmas_minimal_600,llama70b,10,5,1,0.5221,origin/generator_experiment_1:analysis/refit_studies/hu_harm_split_targeted_dilemmas/ai_dilemmas_minimal_600_n10b_d5.json
ai_dilemmas,ai_dilemmas_minimal_600,llama70b,10,6,1,0.5252,origin/generator_experiment_1:analysis/refit_studies/hu_harm_split_targeted_dilemmas/ai_dilemmas_minimal_600_n10b_d6.json
ai_dilemmas,ai_dilemmas_minimal_600,llama70b,10,7,1,0.5823,origin/generator_experiment_1:analysis/refit_studies/hu_harm_split_targeted_dilemmas/ai_dilemmas_minimal_600_n10b_d7.json
ai_dilemmas,ai_dilemmas_minimal_600,llama70b,15,0,1,0.5873,origin/generator_experiment_1:analysis/refit_studies/hu_harm_split_targeted_dilemmas/ai_dilemmas_minimal_600_n15b_d0.json
ai_dilemmas,ai_dilemmas_minimal_600,llama70b,15,1,1,0.5503,origin/generator_experiment_1:analysis/refit_studies/hu_harm_split_targeted_dilemmas/ai_dilemmas_minimal_600_n15b_d1.json
ai_dilemmas,ai_dilemmas_minimal_600,llama70b,15,2,1,0.5536,origin/generator_experiment_1:analysis/refit_studies/hu_harm_split_targeted_dilemmas/ai_dilemmas_minimal_600_n15b_d2.json
ai_dilemmas,ai_dilemmas_minimal_600,llama70b,15,3,1,0.6782,origin/generator_experiment_1:analysis/refit_studies/hu_harm_split_targeted_dilemmas/ai_dilemmas_minimal_600_n15b_d3.json
ai_dilemmas,ai_dilemmas_minimal_600,llama70b,15,4,1,0.597,origin/generator_experiment_1:analysis/refit_studies/hu_harm_split_targeted_dilemmas/ai_dilemmas_minimal_600_n15b_d4.json
ai_dilemmas,ai_dilemmas_minimal_600,llama70b,15,5,1,0.5851,origin/generator_experiment_1:analysis/refit_studies/hu_harm_split_targeted_dilemmas/ai_dilemmas_minimal_600_n15b_d5.json
ai_dilemmas,ai_dilemmas_minimal_600,llama70b,15,6,1,0.7144,origin/generator_experiment_1:analysis/refit_studies/hu_harm_split_targeted_dilemmas/ai_dilemmas_minimal_600_n15b_d6.json
ai_dilemmas,ai_dilemmas_minimal_600,llama70b,15,7,1,0.6208,origin/generator_experiment_1:analysis/refit_studies/hu_harm_split_targeted_dilemmas/ai_dilemmas_minimal_600_n15b_d7.json
daily_dilemmas,daily_dilemmas_minimal_600,llama70b,60,0,4,0.9536,origin/generator_experiment_1:analysis/refit_studies/hu_harm_split_targeted_dilemmas/daily_dilemmas_minimal_600_f10b_d0.json
daily_dilemmas,daily_dilemmas_minimal_600,llama70b,60,1,4,0.9764,origin/generator_experiment_1:analysis/refit_studies/hu_harm_split_targeted_dilemmas/daily_dilemmas_minimal_600_f10b_d1.json
daily_dilemmas,daily_dilemmas_minimal_600,llama70b,60,2,4,0.9768,origin/generator_experiment_1:analysis/refit_studies/hu_harm_split_targeted_dilemmas/daily_dilemmas_minimal_600_f10b_d2.json
daily_dilemmas,daily_dilemmas_minimal_600,llama70b,60,3,4,0.9656,origin/generator_experiment_1:analysis/refit_studies/hu_harm_split_targeted_dilemmas/daily_dilemmas_minimal_600_f10b_d3.json
daily_dilemmas,daily_dilemmas_minimal_600,llama70b,60,4,4,0.9554,origin/generator_experiment_1:analysis/refit_studies/hu_harm_split_targeted_dilemmas/daily_dilemmas_minimal_600_f10b_d4.json
daily_dilemmas,daily_dilemmas_minimal_600,llama70b,60,5,4,0.9671,origin/generator_experiment_1:analysis/refit_studies/hu_harm_split_targeted_dilemmas/daily_dilemmas_minimal_600_f10b_d5.json
daily_dilemmas,daily_dilemmas_minimal_600,llama70b,60,6,4,0.9656,origin/generator_experiment_1:analysis/refit_studies/hu_harm_split_targeted_dilemmas/daily_dilemmas_minimal_600_f10b_d6.json
daily_dilemmas,daily_dilemmas_minimal_600,llama70b,60,7,4,0.9683,origin/generator_experiment_1:analysis/refit_studies/hu_harm_split_targeted_dilemmas/daily_dilemmas_minimal_600_f10b_d7.json
daily_dilemmas,daily_dilemmas_minimal_600,llama70b,120,0,4,0.9778,origin/generator_experiment_1:analysis/refit_studies/hu_harm_split_targeted_dilemmas/daily_dilemmas_minimal_600_f20b_d0.json
daily_dilemmas,daily_dilemmas_minimal_600,llama70b,120,1,4,0.9835,origin/generator_experiment_1:analysis/refit_studies/hu_harm_split_targeted_dilemmas/daily_dilemmas_minimal_600_f20b_d1.json
daily_dilemmas,daily_dilemmas_minimal_600,llama70b,120,2,4,0.964,origin/generator_experiment_1:analysis/refit_studies/hu_harm_split_targeted_dilemmas/daily_dilemmas_minimal_600_f20b_d2.json
daily_dilemmas,daily_dilemmas_minimal_600,llama70b,120,3,4,0.9694,origin/generator_experiment_1:analysis/refit_studies/hu_harm_split_targeted_dilemmas/daily_dilemmas_minimal_600_f20b_d3.json
daily_dilemmas,daily_dilemmas_minimal_600,llama70b,120,4,4,0.9487,origin/generator_experiment_1:analysis/refit_studies/hu_harm_split_targeted_dilemmas/daily_dilemmas_minimal_600_f20b_d4.json
daily_dilemmas,daily_dilemmas_minimal_600,llama70b,120,5,4,0.9739,origin/generator_experiment_1:analysis/refit_studies/hu_harm_split_targeted_dilemmas/daily_dilemmas_minimal_600_f20b_d5.json
daily_dilemmas,daily_dilemmas_minimal_600,llama70b,120,6,4,0.9823,origin/generator_experiment_1:analysis/refit_studies/hu_harm_split_targeted_dilemmas/daily_dilemmas_minimal_600_f20b_d6.json
daily_dilemmas,daily_dilemmas_minimal_600,llama70b,120,7,4,0.9826,origin/generator_experiment_1:analysis/refit_studies/hu_harm_split_targeted_dilemmas/daily_dilemmas_minimal_600_f20b_d7.json
daily_dilemmas,daily_dilemmas_minimal_600,llama70b,300,0,4,0.9807,origin/generator_experiment_1:analysis/refit_studies/hu_harm_split_targeted_dilemmas/daily_dilemmas_minimal_600_f50b_d0.json
daily_dilemmas,daily_dilemmas_minimal_600,llama70b,300,1,4,0.9593,origin/generator_experiment_1:analysis/refit_studies/hu_harm_split_targeted_dilemmas/daily_dilemmas_minimal_600_f50b_d1.json
daily_dilemmas,daily_dilemmas_minimal_600,llama70b,300,2,4,0.9671,origin/generator_experiment_1:analysis/refit_studies/hu_harm_split_targeted_dilemmas/daily_dilemmas_minimal_600_f50b_d2.json
daily_dilemmas,daily_dilemmas_minimal_600,llama70b,300,3,4,0.9745,origin/generator_experiment_1:analysis/refit_studies/hu_harm_split_targeted_dilemmas/daily_dilemmas_minimal_600_f50b_d3.json
daily_dilemmas,daily_dilemmas_minimal_600,llama70b,300,4,4,0.982,origin/generator_experiment_1:analysis/refit_studies/hu_harm_split_targeted_dilemmas/daily_dilemmas_minimal_600_f50b_d4.json
daily_dilemmas,daily_dilemmas_minimal_600,llama70b,300,5,4,0.9801,origin/generator_experiment_1:analysis/refit_studies/hu_harm_split_targeted_dilemmas/daily_dilemmas_minimal_600_f50b_d5.json
daily_dilemmas,daily_dilemmas_minimal_600,llama70b,300,6,4,0.9802,origin/generator_experiment_1:analysis/refit_studies/hu_harm_split_targeted_dilemmas/daily_dilemmas_minimal_600_f50b_d6.json
daily_dilemmas,daily_dilemmas_minimal_600,llama70b,300,7,4,0.9188,origin/generator_experiment_1:analysis/refit_studies/hu_harm_split_targeted_dilemmas/daily_dilemmas_minimal_600_f50b_d7.json
daily_dilemmas,daily_dilemmas_minimal_600,llama70b,30,0,2,0.9544,origin/generator_experiment_1:analysis/refit_studies/hu_harm_split_targeted_dilemmas/daily_dilemmas_minimal_600_f5b_d0.json
daily_dilemmas,daily_dilemmas_minimal_600,llama70b,30,1,2,0.9561,origin/generator_experiment_1:analysis/refit_studies/hu_harm_split_targeted_dilemmas/daily_dilemmas_minimal_600_f5b_d1.json
daily_dilemmas,daily_dilemmas_minimal_600,llama70b,30,2,2,0.972,origin/generator_experiment_1:analysis/refit_studies/hu_harm_split_targeted_dilemmas/daily_dilemmas_minimal_600_f5b_d2.json
daily_dilemmas,daily_dilemmas_minimal_600,llama70b,30,3,2,0.9453,origin/generator_experiment_1:analysis/refit_studies/hu_harm_split_targeted_dilemmas/daily_dilemmas_minimal_600_f5b_d3.json
daily_dilemmas,daily_dilemmas_minimal_600,llama70b,30,4,2,0.9762,origin/generator_experiment_1:analysis/refit_studies/hu_harm_split_targeted_dilemmas/daily_dilemmas_minimal_600_f5b_d4.json
daily_dilemmas,daily_dilemmas_minimal_600,llama70b,30,5,2,0.9556,origin/generator_experiment_1:analysis/refit_studies/hu_harm_split_targeted_dilemmas/daily_dilemmas_minimal_600_f5b_d5.json
daily_dilemmas,daily_dilemmas_minimal_600,llama70b,30,6,2,0.9675,origin/generator_experiment_1:analysis/refit_studies/hu_harm_split_targeted_dilemmas/daily_dilemmas_minimal_600_f5b_d6.json
daily_dilemmas,daily_dilemmas_minimal_600,llama70b,30,7,2,0.9584,origin/generator_experiment_1:analysis/refit_studies/hu_harm_split_targeted_dilemmas/daily_dilemmas_minimal_600_f5b_d7.json
daily_dilemmas,daily_dilemmas_minimal_600,llama70b,540,0,4,0.9784,origin/generator_experiment_1:analysis/refit_studies/hu_harm_split_targeted_dilemmas/daily_dilemmas_minimal_600_f90_d0.json
daily_dilemmas,daily_dilemmas_minimal_600,llama70b,540,1,4,0.9799,origin/generator_experiment_1:analysis/refit_studies/hu_harm_split_targeted_dilemmas/daily_dilemmas_minimal_600_f90_d1.json
daily_dilemmas,daily_dilemmas_minimal_600,llama70b,540,2,4,0.9674,origin/generator_experiment_1:analysis/refit_studies/hu_harm_split_targeted_dilemmas/daily_dilemmas_minimal_600_f90_d2.json
daily_dilemmas,daily_dilemmas_minimal_600,llama70b,540,3,4,0.9746,origin/generator_experiment_1:analysis/refit_studies/hu_harm_split_targeted_dilemmas/daily_dilemmas_minimal_600_f90_d3.json
daily_dilemmas,daily_dilemmas_minimal_600,llama70b,10,0,1,0.9572,origin/generator_experiment_1:analysis/refit_studies/hu_harm_split_targeted_dilemmas/daily_dilemmas_minimal_600_n10b_d0.json
daily_dilemmas,daily_dilemmas_minimal_600,llama70b,10,1,1,0.8669,origin/generator_experiment_1:analysis/refit_studies/hu_harm_split_targeted_dilemmas/daily_dilemmas_minimal_600_n10b_d1.json
daily_dilemmas,daily_dilemmas_minimal_600,llama70b,10,2,1,0.8325,origin/generator_experiment_1:analysis/refit_studies/hu_harm_split_targeted_dilemmas/daily_dilemmas_minimal_600_n10b_d2.json
daily_dilemmas,daily_dilemmas_minimal_600,llama70b,10,3,1,0.975,origin/generator_experiment_1:analysis/refit_studies/hu_harm_split_targeted_dilemmas/daily_dilemmas_minimal_600_n10b_d3.json
daily_dilemmas,daily_dilemmas_minimal_600,llama70b,10,4,1,0.9868,origin/generator_experiment_1:analysis/refit_studies/hu_harm_split_targeted_dilemmas/daily_dilemmas_minimal_600_n10b_d4.json
daily_dilemmas,daily_dilemmas_minimal_600,llama70b,10,5,1,0.9727,origin/generator_experiment_1:analysis/refit_studies/hu_harm_split_targeted_dilemmas/daily_dilemmas_minimal_600_n10b_d5.json
daily_dilemmas,daily_dilemmas_minimal_600,llama70b,10,6,1,0.5952,origin/generator_experiment_1:analysis/refit_studies/hu_harm_split_targeted_dilemmas/daily_dilemmas_minimal_600_n10b_d6.json
daily_dilemmas,daily_dilemmas_minimal_600,llama70b,10,7,1,0.9573,origin/generator_experiment_1:analysis/refit_studies/hu_harm_split_targeted_dilemmas/daily_dilemmas_minimal_600_n10b_d7.json
daily_dilemmas,daily_dilemmas_minimal_600,llama70b,15,0,1,0.8071,origin/generator_experiment_1:analysis/refit_studies/hu_harm_split_targeted_dilemmas/daily_dilemmas_minimal_600_n15b_d0.json
daily_dilemmas,daily_dilemmas_minimal_600,llama70b,15,1,1,0.9644,origin/generator_experiment_1:analysis/refit_studies/hu_harm_split_targeted_dilemmas/daily_dilemmas_minimal_600_n15b_d1.json
daily_dilemmas,daily_dilemmas_minimal_600,llama70b,15,2,1,0.9731,origin/generator_experiment_1:analysis/refit_studies/hu_harm_split_targeted_dilemmas/daily_dilemmas_minimal_600_n15b_d2.json
daily_dilemmas,daily_dilemmas_minimal_600,llama70b,15,3,1,0.974,origin/generator_experiment_1:analysis/refit_studies/hu_harm_split_targeted_dilemmas/daily_dilemmas_minimal_600_n15b_d3.json
daily_dilemmas,daily_dilemmas_minimal_600,llama70b,15,4,1,0.9052,origin/generator_experiment_1:analysis/refit_studies/hu_harm_split_targeted_dilemmas/daily_dilemmas_minimal_600_n15b_d4.json
daily_dilemmas,daily_dilemmas_minimal_600,llama70b,15,5,1,0.9545,origin/generator_experiment_1:analysis/refit_studies/hu_harm_split_targeted_dilemmas/daily_dilemmas_minimal_600_n15b_d5.json
daily_dilemmas,daily_dilemmas_minimal_600,llama70b,15,6,1,0.9657,origin/generator_experiment_1:analysis/refit_studies/hu_harm_split_targeted_dilemmas/daily_dilemmas_minimal_600_n15b_d6.json
daily_dilemmas,daily_dilemmas_minimal_600,llama70b,15,7,1,0.9642,origin/generator_experiment_1:analysis/refit_studies/hu_harm_split_targeted_dilemmas/daily_dilemmas_minimal_600_n15b_d7.json
