samples,base,n,draw,n_pos,n_neg,n_training_rows,dev_mean,eval_mean,dev_ai_dilemmas,dev_ant_hh,dev_balanced_refusal,dev_daily_dilemmas,eval_ai_dilemmas,eval_ant_hh,eval_balanced_refusal,eval_daily_dilemmas,seconds
pool_hu_harm_deepseekv4pro_evaldescshape_650.jsonl,none+ga5,80,0,40,40,80,0.90244,0.90275,0.97921,0.67355,0.96803,0.98898,0.9894,0.67198,0.9818,0.96783,13.7
pool_hu_harm_deepseekv4pro_evaldescshape_650.jsonl,none+ga5,80,1,40,40,80,0.90554,0.91497,1.0,0.66116,0.96191,0.99908,0.99611,0.70818,0.96831,0.9873,12.0
pool_hu_harm_deepseekv4pro_evaldescshape_650.jsonl,none+ga5,80,2,40,40,80,0.88629,0.89043,0.94518,0.68388,0.94776,0.96832,0.9668,0.68311,0.95404,0.95778,14.9
pool_hu_harm_deepseekv4pro_evaldescshape_650.jsonl,none+ga5,80,3,40,40,80,0.83502,0.84577,0.91588,0.57231,0.91802,0.93388,0.92604,0.62219,0.91821,0.91665,11.1
pool_hu_harm_deepseekv4pro_evaldescshape_650.jsonl,none+ga5,80,4,40,40,80,0.91149,0.90983,0.99811,0.68388,0.97316,0.99082,0.99524,0.68445,0.98316,0.97647,12.4
pool_hu_harm_deepseekv4pro_evaldescshape_650.jsonl,none+ga5,80,5,40,40,80,0.89773,0.88889,0.96219,0.70764,0.94587,0.97521,0.96161,0.68924,0.94164,0.96309,10.4
pool_hu_harm_deepseekv4pro_evaldescshape_650.jsonl,none+ga5,80,6,40,40,80,0.9191,0.90733,1.0,0.69008,0.9863,1.0,0.98659,0.68924,0.97337,0.98011,12.4
pool_hu_harm_deepseekv4pro_evaldescshape_650.jsonl,none+ga5,80,7,40,40,80,0.8588,0.88086,0.89414,0.63946,0.94475,0.95684,0.94183,0.68701,0.92458,0.97001,13.2
pool_hu_harm_deepseekv4pro_evaldescshape_650.jsonl,none+ga2,30,0,15,15,30,0.86848,0.88232,0.99811,0.53512,0.9618,0.97888,0.98994,0.60214,0.96427,0.97293,11.3
pool_hu_harm_deepseekv4pro_evaldescshape_650.jsonl,none+ga2,30,1,15,15,30,0.87636,0.87812,0.98488,0.58678,0.94665,0.98714,0.9814,0.62018,0.93342,0.97746,10.4
pool_hu_harm_deepseekv4pro_evaldescshape_650.jsonl,none+ga2,30,2,15,15,30,0.83669,0.8641,0.78261,0.66219,0.9286,0.97337,0.85532,0.70517,0.92854,0.96736,9.7
pool_hu_harm_deepseekv4pro_evaldescshape_650.jsonl,none+ga2,30,3,15,15,30,0.91651,0.89325,0.97921,0.73037,0.95923,0.99725,0.9707,0.68835,0.93247,0.98147,10.9
pool_hu_harm_deepseekv4pro_evaldescshape_650.jsonl,none+ga2,30,4,15,15,30,0.8544,0.88482,0.88091,0.58988,0.96792,0.97888,0.93069,0.69303,0.94895,0.96663,9.8
pool_hu_harm_deepseekv4pro_evaldescshape_650.jsonl,none+ga2,30,5,15,15,30,0.90793,0.91181,1.0,0.66116,0.97149,0.99908,0.99697,0.69581,0.96775,0.98672,10.5
pool_hu_harm_deepseekv4pro_evaldescshape_650.jsonl,none+ga2,30,6,15,15,30,0.67585,0.69533,0.56333,0.53409,0.8562,0.74977,0.52855,0.61851,0.88373,0.75052,9.6
pool_hu_harm_deepseekv4pro_evaldescshape_650.jsonl,none+ga2,30,7,15,15,30,0.79608,0.78659,0.66068,0.65186,0.94063,0.93113,0.63095,0.67632,0.9419,0.89718,11.6
pool_hu_harm_deepseekv4pro_evaldescshape_650.jsonl,none+ga1bs16,10,0,5,5,10,0.56925,0.62805,0.50567,0.43595,0.83215,0.50321,0.50616,0.62765,0.86557,0.51281,10.2
pool_hu_harm_deepseekv4pro_evaldescshape_650.jsonl,none+ga1bs16,10,1,5,5,10,0.73962,0.74391,0.63043,0.56405,0.86456,0.89945,0.62359,0.62542,0.82774,0.8989,10.0
pool_hu_harm_deepseekv4pro_evaldescshape_650.jsonl,none+ga1bs16,10,2,5,5,10,0.56419,0.60869,0.49622,0.4814,0.73045,0.54867,0.5013,0.65638,0.73507,0.54201,8.2
pool_hu_harm_deepseekv4pro_evaldescshape_650.jsonl,none+ga1bs16,10,3,5,5,10,0.67538,0.65981,0.59074,0.6219,0.79283,0.69605,0.55731,0.65026,0.77725,0.65441,8.3
pool_hu_harm_deepseekv4pro_evaldescshape_650.jsonl,none+ga1bs16,10,4,5,5,10,0.57905,0.57854,0.48866,0.55682,0.74226,0.52847,0.49622,0.61773,0.67392,0.52629,9.4
pool_hu_harm_deepseekv4pro_evaldescshape_650.jsonl,none+ga1bs16,10,5,5,5,10,0.73716,0.70196,0.58129,0.80579,0.71631,0.84527,0.58326,0.74772,0.66012,0.81674,10.3
pool_hu_harm_deepseekv4pro_evaldescshape_650.jsonl,none+ga1bs16,10,6,5,5,10,0.72569,0.70419,0.66163,0.78512,0.61305,0.84298,0.64349,0.78815,0.58549,0.79961,9.1
pool_hu_harm_deepseekv4pro_evaldescshape_650.jsonl,none+ga1bs16,10,7,5,5,10,0.56677,0.58265,0.50756,0.49174,0.76364,0.50413,0.50119,0.57017,0.74212,0.51713,8.1
pool_hu_harm_deepseekv4pro_general_650.jsonl,none+ga5,80,0,40,40,80,0.88625,0.88287,1.0,0.64876,0.91691,0.97934,0.99492,0.67031,0.88862,0.97761,12.6
pool_hu_harm_deepseekv4pro_general_650.jsonl,none+ga5,80,1,40,40,80,0.87117,0.8691,1.0,0.61054,0.90354,0.97062,0.99611,0.62809,0.87386,0.97834,12.0
pool_hu_harm_deepseekv4pro_general_650.jsonl,none+ga5,80,2,40,40,80,0.88917,0.88005,0.99811,0.65186,0.9168,0.9899,0.99762,0.64636,0.89531,0.98089,16.6
pool_hu_harm_deepseekv4pro_general_650.jsonl,none+ga5,80,3,40,40,80,0.90174,0.88287,1.0,0.69525,0.92225,0.98944,0.9973,0.67075,0.88391,0.97954,10.3
pool_hu_harm_deepseekv4pro_general_650.jsonl,none+ga5,80,4,40,40,80,0.88222,0.87767,1.0,0.6126,0.93005,0.98623,0.99622,0.64357,0.89135,0.97954,15.4
pool_hu_harm_deepseekv4pro_general_650.jsonl,none+ga5,80,5,40,40,80,0.90738,0.88403,1.0,0.70661,0.93484,0.98806,0.99113,0.67042,0.89956,0.97501,11.9
pool_hu_harm_deepseekv4pro_general_650.jsonl,none+ga5,80,6,40,40,80,0.91189,0.89236,1.0,0.72727,0.92671,0.99357,0.99838,0.70216,0.88841,0.98048,12.8
pool_hu_harm_deepseekv4pro_general_650.jsonl,none+ga5,80,7,40,40,80,0.8963,0.88421,1.0,0.67562,0.91602,0.99357,0.99492,0.67699,0.88017,0.98475,10.9
pool_hu_harm_deepseekv4pro_general_650.jsonl,none+ga2,30,0,15,15,30,0.89493,0.8746,0.97259,0.72004,0.90454,0.98255,0.9694,0.66785,0.87671,0.98443,11.9
pool_hu_harm_deepseekv4pro_general_650.jsonl,none+ga2,30,1,15,15,30,0.84492,0.85122,0.99244,0.4814,0.92972,0.97612,0.9814,0.56483,0.89921,0.95944,8.9
pool_hu_harm_deepseekv4pro_general_650.jsonl,none+ga2,30,2,15,15,30,0.90193,0.87866,0.9811,0.72624,0.91234,0.98806,0.98086,0.68122,0.8749,0.97767,11.0
pool_hu_harm_deepseekv4pro_general_650.jsonl,none+ga2,30,3,15,15,30,0.8845,0.87784,1.0,0.61467,0.92515,0.99816,0.99719,0.63767,0.89895,0.97756,9.3
pool_hu_harm_deepseekv4pro_general_650.jsonl,none+ga2,30,4,15,15,30,0.86049,0.86314,0.93667,0.64979,0.8757,0.9798,0.94183,0.67665,0.85245,0.98162,9.0
pool_hu_harm_deepseekv4pro_general_650.jsonl,none+ga2,30,5,15,15,30,0.88776,0.87615,1.0,0.66736,0.89652,0.98714,0.99103,0.66173,0.8679,0.98397,10.3
pool_hu_harm_deepseekv4pro_general_650.jsonl,none+ga2,30,6,15,15,30,0.86997,0.88347,0.97164,0.61983,0.92237,0.96602,0.96713,0.67164,0.91066,0.98443,10.1
pool_hu_harm_deepseekv4pro_general_650.jsonl,none+ga2,30,7,15,15,30,0.86436,0.86601,0.98299,0.56921,0.91624,0.98898,0.98421,0.60125,0.89712,0.98147,9.7
pool_hu_harm_deepseekv4pro_general_650.jsonl,none+ga1bs16,10,0,5,5,10,0.59214,0.6296,0.50662,0.46901,0.87826,0.51469,0.50443,0.6125,0.85892,0.54253,10.1
pool_hu_harm_deepseekv4pro_general_650.jsonl,none+ga1bs16,10,1,5,5,10,0.7139,0.72511,0.59735,0.54339,0.84707,0.86777,0.58705,0.54834,0.87159,0.89348,8.6
pool_hu_harm_deepseekv4pro_general_650.jsonl,none+ga1bs16,10,2,5,5,10,0.83808,0.84139,0.93573,0.52789,0.95021,0.93848,0.90841,0.55257,0.947,0.95757,10.0
pool_hu_harm_deepseekv4pro_general_650.jsonl,none+ga1bs16,10,3,5,5,10,0.63863,0.67292,0.56522,0.44835,0.88761,0.65335,0.55504,0.57396,0.90065,0.66202,8.7
pool_hu_harm_deepseekv4pro_general_650.jsonl,none+ga1bs16,10,4,5,5,10,0.76578,0.79437,0.69754,0.56818,0.89842,0.89899,0.69334,0.68345,0.8948,0.90587,8.8
pool_hu_harm_deepseekv4pro_general_650.jsonl,none+ga1bs16,10,5,5,5,10,0.71684,0.72888,0.54442,0.6343,0.83738,0.85124,0.51849,0.69102,0.87588,0.83012,8.6
pool_hu_harm_deepseekv4pro_general_650.jsonl,none+ga1bs16,10,6,5,5,10,0.74138,0.75867,0.66068,0.56198,0.92192,0.82094,0.60824,0.64313,0.92779,0.85553,10.8
pool_hu_harm_deepseekv4pro_general_650.jsonl,none+ga1bs16,10,7,5,5,10,0.82745,0.83417,0.85161,0.56405,0.94052,0.95363,0.84602,0.61161,0.91871,0.96033,10.6
pool_hu_harm_gptoss_evaldescshape_650.jsonl,none+ga5,80,0,40,40,80,0.90716,0.90763,0.98299,0.66529,0.98129,0.99908,0.97459,0.72277,0.95191,0.98126,11.8
pool_hu_harm_gptoss_evaldescshape_650.jsonl,none+ga5,80,1,40,40,80,0.86376,0.87322,0.84594,0.7469,0.88193,0.98026,0.9016,0.7652,0.85933,0.96673,11.1
pool_hu_harm_gptoss_evaldescshape_650.jsonl,none+ga5,80,2,40,40,80,0.80656,0.79779,0.62854,0.80372,0.90232,0.89164,0.62165,0.79171,0.87186,0.90592,10.3
pool_hu_harm_gptoss_evaldescshape_650.jsonl,none+ga5,80,3,40,40,80,0.92633,0.90342,0.97543,0.77169,0.9628,0.99541,0.97221,0.74293,0.91618,0.98235,17.4
pool_hu_harm_gptoss_evaldescshape_650.jsonl,none+ga5,80,4,40,40,80,0.88023,0.88604,0.89603,0.70971,0.9354,0.9798,0.91122,0.72744,0.92589,0.97959,10.4
pool_hu_harm_gptoss_evaldescshape_650.jsonl,none+ga5,80,5,40,40,80,0.8724,0.86569,0.85539,0.73037,0.91947,0.98439,0.87889,0.74504,0.87354,0.96527,10.2
pool_hu_harm_gptoss_evaldescshape_650.jsonl,none+ga5,80,6,40,40,80,0.91629,0.91861,0.99622,0.71694,0.95199,1.0,0.99654,0.7417,0.94599,0.99021,10.7
pool_hu_harm_gptoss_evaldescshape_650.jsonl,none+ga5,80,7,40,40,80,0.89636,0.87891,0.95652,0.7562,0.87592,0.99679,0.94712,0.74449,0.84551,0.9785,9.7
pool_hu_harm_gptoss_evaldescshape_650.jsonl,none+ga2,30,0,15,15,30,0.90169,0.89181,0.94991,0.68492,0.98296,0.98898,0.94399,0.7016,0.9498,0.97183,11.3
pool_hu_harm_gptoss_evaldescshape_650.jsonl,none+ga2,30,1,15,15,30,0.77505,0.77287,0.63894,0.65599,0.89252,0.91276,0.629,0.69102,0.88035,0.89109,15.2
pool_hu_harm_gptoss_evaldescshape_650.jsonl,none+ga2,30,2,15,15,30,0.87228,0.87019,0.87524,0.76343,0.8679,0.98255,0.88397,0.80207,0.83198,0.96272,9.2
pool_hu_harm_gptoss_evaldescshape_650.jsonl,none+ga2,30,3,15,15,30,0.90618,0.90365,0.97921,0.68182,0.96369,1.0,0.98886,0.69926,0.94231,0.98417,9.4
pool_hu_harm_gptoss_evaldescshape_650.jsonl,none+ga2,30,4,15,15,30,0.75896,0.75696,0.72684,0.55165,0.83125,0.92608,0.64068,0.65883,0.82079,0.90754,9.2
pool_hu_harm_gptoss_evaldescshape_650.jsonl,none+ga2,30,5,15,15,30,0.90319,0.8942,0.94612,0.76033,0.90722,0.99908,0.95058,0.78269,0.86394,0.97959,9.1
pool_hu_harm_gptoss_evaldescshape_650.jsonl,none+ga2,30,6,15,15,30,0.87684,0.87231,0.86484,0.76963,0.91145,0.96143,0.88981,0.74181,0.89295,0.96465,9.3
pool_hu_harm_gptoss_evaldescshape_650.jsonl,none+ga2,30,7,15,15,30,0.93431,0.91637,0.99244,0.79752,0.94821,0.99908,0.99146,0.74037,0.94556,0.98808,9.2
pool_hu_harm_gptoss_evaldescshape_650.jsonl,none+ga1bs16,10,0,5,5,10,0.56595,0.61004,0.50567,0.53719,0.69247,0.52847,0.51189,0.70884,0.67831,0.54113,9.4
pool_hu_harm_gptoss_evaldescshape_650.jsonl,none+ga1bs16,10,1,5,5,10,0.70171,0.68891,0.62571,0.8843,0.5264,0.77043,0.68858,0.81711,0.51437,0.73558,11.5
pool_hu_harm_gptoss_evaldescshape_650.jsonl,none+ga1bs16,10,2,5,5,10,0.65466,0.66801,0.52552,0.65909,0.75819,0.67585,0.52314,0.7407,0.73061,0.67758,8.6
pool_hu_harm_gptoss_evaldescshape_650.jsonl,none+ga1bs16,10,3,5,5,10,0.65012,0.64587,0.52079,0.72624,0.65003,0.7034,0.54271,0.70004,0.63033,0.71038,8.8
pool_hu_harm_gptoss_evaldescshape_650.jsonl,none+ga1bs16,10,4,5,5,10,0.73703,0.72355,0.58696,0.87707,0.66318,0.82094,0.62878,0.82669,0.64426,0.79446,9.5
pool_hu_harm_gptoss_evaldescshape_650.jsonl,none+ga1bs16,10,5,5,5,10,0.67639,0.66935,0.66163,0.79029,0.55391,0.69972,0.65214,0.7319,0.5268,0.76656,12.2
pool_hu_harm_gptoss_evaldescshape_650.jsonl,none+ga1bs16,10,6,5,5,10,0.57614,0.64602,0.49811,0.42975,0.89875,0.47796,0.50616,0.66529,0.90217,0.51046,8.2
pool_hu_harm_gptoss_evaldescshape_650.jsonl,none+ga1bs16,10,7,5,5,10,0.69077,0.66714,0.56144,0.7407,0.77133,0.68962,0.55493,0.70896,0.68701,0.71767,8.0
pool_hu_harm_gptoss_general_650.jsonl,none+ga5,80,0,40,40,80,0.90797,0.87749,0.99433,0.7562,0.88227,0.99908,0.98205,0.68245,0.85581,0.98964,13.7
pool_hu_harm_gptoss_general_650.jsonl,none+ga5,80,1,40,40,80,0.91554,0.90036,1.0,0.73347,0.92961,0.99908,0.9933,0.74471,0.8786,0.98485,11.6
pool_hu_harm_gptoss_general_650.jsonl,none+ga5,80,2,40,40,80,0.89892,0.89429,1.0,0.65186,0.94564,0.99816,0.99589,0.67186,0.92759,0.98183,10.7
pool_hu_harm_gptoss_general_650.jsonl,none+ga5,80,3,40,40,80,0.89443,0.87768,0.99716,0.72417,0.86511,0.99128,0.9774,0.7045,0.84418,0.98464,17.5
pool_hu_harm_gptoss_general_650.jsonl,none+ga5,80,4,40,40,80,0.91515,0.88545,0.99811,0.75723,0.91078,0.99449,0.98854,0.70751,0.85842,0.98735,11.3
pool_hu_harm_gptoss_general_650.jsonl,none+ga5,80,5,40,40,80,0.91917,0.88962,0.99811,0.77686,0.90722,0.99449,0.99124,0.71842,0.86338,0.98542,16.7
pool_hu_harm_gptoss_general_650.jsonl,none+ga5,80,6,40,40,80,0.90503,0.88529,0.99905,0.7531,0.87347,0.99449,0.98529,0.72522,0.84257,0.98808,14.0
pool_hu_harm_gptoss_general_650.jsonl,none+ga5,80,7,40,40,80,0.92125,0.89281,0.99811,0.78409,0.90466,0.99816,0.99048,0.75329,0.84231,0.98516,11.6
pool_hu_harm_gptoss_general_650.jsonl,none+ga2,30,0,15,15,30,0.90373,0.8782,0.96975,0.79649,0.86523,0.98347,0.93642,0.76053,0.83371,0.98214,14.9
pool_hu_harm_gptoss_general_650.jsonl,none+ga2,30,1,15,15,30,0.88768,0.86738,0.92533,0.76653,0.86255,0.99633,0.91079,0.74148,0.83467,0.98256,14.3
pool_hu_harm_gptoss_general_650.jsonl,none+ga2,30,2,15,15,30,0.90487,0.88785,0.97732,0.75,0.89586,0.99633,0.97751,0.7515,0.84438,0.97803,9.5
pool_hu_harm_gptoss_general_650.jsonl,none+ga2,30,3,15,15,30,0.88645,0.86085,0.931,0.77273,0.86044,0.98163,0.90041,0.72934,0.83314,0.98053,15.0
pool_hu_harm_gptoss_general_650.jsonl,none+ga2,30,4,15,15,30,0.87965,0.85433,0.9017,0.79132,0.84117,0.98439,0.87662,0.73246,0.83156,0.97668,8.8
pool_hu_harm_gptoss_general_650.jsonl,none+ga2,30,5,15,15,30,0.89275,0.86961,0.9206,0.77066,0.89029,0.98944,0.90798,0.72054,0.86544,0.98449,14.2
pool_hu_harm_gptoss_general_650.jsonl,none+ga2,30,6,15,15,30,0.85194,0.84252,0.85728,0.73657,0.82401,0.9899,0.87197,0.6908,0.82226,0.98506,14.2
pool_hu_harm_gptoss_general_650.jsonl,none+ga2,30,7,15,15,30,0.89831,0.89129,1.0,0.69318,0.91201,0.98806,0.99016,0.72176,0.87111,0.98214,9.3
pool_hu_harm_gptoss_general_650.jsonl,none+ga1bs16,10,0,5,5,10,0.85545,0.83181,0.84594,0.72314,0.87937,0.97337,0.80493,0.7006,0.8564,0.96533,12.6
pool_hu_harm_gptoss_general_650.jsonl,none+ga1bs16,10,1,5,5,10,0.71589,0.71107,0.54064,0.61467,0.87124,0.83701,0.53958,0.61929,0.88667,0.79873,12.8
pool_hu_harm_gptoss_general_650.jsonl,none+ga1bs16,10,2,5,5,10,0.80268,0.78493,0.76938,0.64256,0.8346,0.96419,0.75779,0.62007,0.81504,0.94685,13.3
pool_hu_harm_gptoss_general_650.jsonl,none+ga1bs16,10,3,5,5,10,0.73847,0.71778,0.5482,0.72624,0.84518,0.83425,0.5598,0.69459,0.81422,0.80253,8.4
pool_hu_harm_gptoss_general_650.jsonl,none+ga1bs16,10,4,5,5,10,0.74784,0.73407,0.58129,0.6405,0.84028,0.92929,0.5878,0.61829,0.85434,0.87583,14.3
pool_hu_harm_gptoss_general_650.jsonl,none+ga1bs16,10,5,5,5,10,0.77497,0.76619,0.65595,0.64463,0.85208,0.9472,0.65236,0.63466,0.845,0.93274,14.2
pool_hu_harm_gptoss_general_650.jsonl,none+ga1bs16,10,6,5,5,10,0.81224,0.79997,0.72212,0.72417,0.86467,0.93802,0.7114,0.68066,0.88176,0.92607,13.2
pool_hu_harm_gptoss_general_650.jsonl,none+ga1bs16,10,7,5,5,10,0.75363,0.70472,0.55577,0.81818,0.82101,0.81956,0.5319,0.69748,0.83215,0.75734,15.4
pool_hu_harm_llama70b_evaldescshape_650.jsonl,none+ga5,80,0,40,40,80,0.80478,0.77893,0.66919,0.77169,0.90956,0.86869,0.59267,0.76855,0.91169,0.84283,11.4
pool_hu_harm_llama70b_evaldescshape_650.jsonl,none+ga5,80,1,40,40,80,0.77337,0.78283,0.62665,0.69835,0.90165,0.86685,0.58975,0.73892,0.93949,0.86318,9.2
pool_hu_harm_llama70b_evaldescshape_650.jsonl,none+ga5,80,2,40,40,80,0.77663,0.77481,0.65879,0.69112,0.85119,0.90542,0.59343,0.75574,0.85357,0.8965,9.6
pool_hu_harm_llama70b_evaldescshape_650.jsonl,none+ga5,80,3,40,40,80,0.79954,0.81088,0.71172,0.70764,0.88806,0.89073,0.7088,0.72132,0.93163,0.88177,9.9
pool_hu_harm_llama70b_evaldescshape_650.jsonl,none+ga5,80,4,40,40,80,0.79962,0.80568,0.6673,0.72521,0.8845,0.92149,0.64684,0.77467,0.8966,0.90462,10.0
pool_hu_harm_llama70b_evaldescshape_650.jsonl,none+ga5,80,5,40,40,80,0.83273,0.81965,0.7155,0.74277,0.95255,0.92011,0.6862,0.74605,0.93789,0.90848,9.7
pool_hu_harm_llama70b_evaldescshape_650.jsonl,none+ga5,80,6,40,40,80,0.82175,0.80761,0.71172,0.78099,0.89207,0.9022,0.63095,0.75562,0.92455,0.9193,10.0
pool_hu_harm_llama70b_evaldescshape_650.jsonl,none+ga5,80,7,40,40,80,0.77795,0.81541,0.62665,0.71694,0.90733,0.86088,0.64446,0.80374,0.92624,0.88718,9.5
pool_hu_harm_llama70b_evaldescshape_650.jsonl,none+ga2,30,0,15,15,30,0.75689,0.7958,0.66919,0.5062,0.95411,0.89807,0.66155,0.63845,0.97224,0.91097,15.7
pool_hu_harm_llama70b_evaldescshape_650.jsonl,none+ga2,30,1,15,15,30,0.74751,0.76134,0.53308,0.6405,0.94732,0.86915,0.53493,0.71207,0.96445,0.83392,14.0
pool_hu_harm_llama70b_evaldescshape_650.jsonl,none+ga2,30,2,15,15,30,0.79585,0.80166,0.65501,0.71074,0.88238,0.93526,0.64284,0.72043,0.91041,0.93294,8.8
pool_hu_harm_llama70b_evaldescshape_650.jsonl,none+ga2,30,3,15,15,30,0.78914,0.79885,0.60775,0.69525,0.94219,0.91139,0.5958,0.73134,0.9391,0.92914,13.7
pool_hu_harm_llama70b_evaldescshape_650.jsonl,none+ga2,30,4,15,15,30,0.74288,0.73418,0.57845,0.65186,0.87113,0.87006,0.54228,0.69314,0.86239,0.83892,10.9
pool_hu_harm_llama70b_evaldescshape_650.jsonl,none+ga2,30,5,15,15,30,0.81677,0.82673,0.70888,0.67665,0.94397,0.93756,0.71659,0.72176,0.96466,0.90389,8.9
pool_hu_harm_llama70b_evaldescshape_650.jsonl,none+ga2,30,6,15,15,30,0.73393,0.75774,0.53781,0.61364,0.92203,0.86226,0.55309,0.74538,0.92371,0.80878,12.2
pool_hu_harm_llama70b_evaldescshape_650.jsonl,none+ga2,30,7,15,15,30,0.85917,0.85679,0.83459,0.69525,0.96837,0.93848,0.81412,0.72355,0.9612,0.92831,9.5
pool_hu_harm_llama70b_evaldescshape_650.jsonl,none+ga1bs16,10,0,5,5,10,0.55559,0.5877,0.49338,0.3595,0.80842,0.56107,0.49405,0.47215,0.83426,0.55034,9.6
pool_hu_harm_llama70b_evaldescshape_650.jsonl,none+ga1bs16,10,1,5,5,10,0.69121,0.70695,0.60491,0.63946,0.76977,0.75069,0.57904,0.7074,0.79212,0.74922,8.7
pool_hu_harm_llama70b_evaldescshape_650.jsonl,none+ga1bs16,10,2,5,5,10,0.65069,0.64091,0.55766,0.65393,0.70339,0.68779,0.54163,0.66674,0.66911,0.68617,8.2
pool_hu_harm_llama70b_evaldescshape_650.jsonl,none+ga1bs16,10,3,5,5,10,0.64534,0.66884,0.5397,0.52169,0.85375,0.66621,0.52649,0.54778,0.90535,0.69575,8.2
pool_hu_harm_llama70b_evaldescshape_650.jsonl,none+ga1bs16,10,4,5,5,10,0.62769,0.60305,0.50662,0.88017,0.49632,0.62764,0.50249,0.82736,0.49047,0.59189,14.1
pool_hu_harm_llama70b_evaldescshape_650.jsonl,none+ga1bs16,10,5,5,5,10,0.56282,0.60123,0.5,0.46591,0.74772,0.53765,0.50065,0.60782,0.75187,0.54456,7.8
pool_hu_harm_llama70b_evaldescshape_650.jsonl,none+ga1bs16,10,6,5,5,10,0.55515,0.56194,0.50189,0.53306,0.63422,0.55142,0.50541,0.53542,0.66529,0.54165,8.2
pool_hu_harm_llama70b_evaldescshape_650.jsonl,none+ga1bs16,10,7,5,5,10,0.76519,0.76439,0.62571,0.79339,0.81154,0.83012,0.64284,0.76398,0.78694,0.86381,8.1
pool_hu_harm_llama70b_general_650.jsonl,none+ga5,80,0,40,40,80,0.86069,0.83762,0.83743,0.7407,0.90365,0.96097,0.81899,0.71675,0.85956,0.95517,18.3
pool_hu_harm_llama70b_general_650.jsonl,none+ga5,80,1,40,40,80,0.90167,0.87624,0.94707,0.76963,0.91201,0.97796,0.93577,0.74794,0.85681,0.96444,12.5
pool_hu_harm_llama70b_general_650.jsonl,none+ga5,80,2,40,40,80,0.86689,0.84411,0.83365,0.79752,0.9149,0.92149,0.81131,0.78347,0.8721,0.90957,13.3
pool_hu_harm_llama70b_general_650.jsonl,none+ga5,80,3,40,40,80,0.81898,0.79239,0.70132,0.82231,0.82758,0.9247,0.70372,0.75195,0.80939,0.90452,16.6
pool_hu_harm_llama70b_general_650.jsonl,none+ga5,80,4,40,40,80,0.9017,0.90077,0.97448,0.72934,0.94063,0.96235,0.95675,0.74371,0.93705,0.96559,12.0
pool_hu_harm_llama70b_general_650.jsonl,none+ga5,80,5,40,40,80,0.86818,0.8397,0.87146,0.79442,0.87157,0.93526,0.83261,0.74415,0.84186,0.94018,17.4
pool_hu_harm_llama70b_general_650.jsonl,none+ga5,80,6,40,40,80,0.88662,0.85356,0.91682,0.79649,0.87035,0.96281,0.87705,0.74137,0.83766,0.95814,17.4
pool_hu_harm_llama70b_general_650.jsonl,none+ga5,80,7,40,40,80,0.89906,0.8751,0.95558,0.80579,0.87391,0.96097,0.93296,0.76765,0.82821,0.97157,13.8
pool_hu_harm_llama70b_general_650.jsonl,none+ga2,30,0,15,15,30,0.7202,0.70578,0.54159,0.85847,0.73602,0.74472,0.56455,0.7926,0.71962,0.74636,10.8
pool_hu_harm_llama70b_general_650.jsonl,none+ga2,30,1,15,15,30,0.85212,0.81071,0.7656,0.80579,0.90232,0.9348,0.72394,0.73814,0.87671,0.90405,16.1
pool_hu_harm_llama70b_general_650.jsonl,none+ga2,30,2,15,15,30,0.7191,0.68445,0.54537,0.88223,0.72611,0.72268,0.55244,0.78759,0.71606,0.6817,12.4
pool_hu_harm_llama70b_general_650.jsonl,none+ga2,30,3,15,15,30,0.80536,0.76942,0.65879,0.77066,0.87603,0.91598,0.63776,0.72221,0.84344,0.87427,14.9
pool_hu_harm_llama70b_general_650.jsonl,none+ga2,30,4,15,15,30,0.88423,0.87265,0.90265,0.84298,0.83905,0.95225,0.90463,0.81087,0.8116,0.9635,15.2
pool_hu_harm_llama70b_general_650.jsonl,none+ga2,30,5,15,15,30,0.85196,0.83052,0.82042,0.75826,0.8581,0.97107,0.8019,0.72154,0.83262,0.966,8.7
pool_hu_harm_llama70b_general_650.jsonl,none+ga2,30,6,15,15,30,0.90531,0.89416,0.96125,0.78409,0.91078,0.96511,0.95361,0.76442,0.87936,0.97923,13.9
pool_hu_harm_llama70b_general_650.jsonl,none+ga2,30,7,15,15,30,0.84402,0.82608,0.79584,0.80785,0.87982,0.89256,0.77519,0.7642,0.85886,0.90608,12.7
pool_hu_harm_llama70b_general_650.jsonl,none+ga1bs16,10,0,5,5,10,0.70402,0.69184,0.53025,0.65702,0.87169,0.75712,0.53633,0.69448,0.84031,0.69622,9.8
pool_hu_harm_llama70b_general_650.jsonl,none+ga1bs16,10,1,5,5,10,0.76543,0.74119,0.64556,0.70248,0.88862,0.82507,0.63754,0.68556,0.86349,0.77817,14.0
pool_hu_harm_llama70b_general_650.jsonl,none+ga1bs16,10,2,5,5,10,0.7423,0.7177,0.61909,0.72624,0.80753,0.81635,0.64965,0.62954,0.79974,0.79186,13.5
pool_hu_harm_llama70b_general_650.jsonl,none+ga1bs16,10,3,5,5,10,0.71191,0.6849,0.68147,0.89153,0.54233,0.73232,0.65722,0.83248,0.55348,0.69643,14.4
pool_hu_harm_llama70b_general_650.jsonl,none+ga1bs16,10,4,5,5,10,0.72527,0.71123,0.53781,0.78926,0.80085,0.77319,0.56196,0.75963,0.7739,0.74943,8.9
pool_hu_harm_llama70b_general_650.jsonl,none+ga1bs16,10,5,5,5,10,0.68597,0.65563,0.49527,0.84607,0.71842,0.68411,0.52411,0.75963,0.7092,0.62958,8.1
pool_hu_harm_llama70b_general_650.jsonl,none+ga1bs16,10,6,5,5,10,0.67786,0.66083,0.52268,0.74897,0.72811,0.71166,0.55158,0.68356,0.7487,0.65946,12.0
pool_hu_harm_llama70b_general_650.jsonl,none+ga1bs16,10,7,5,5,10,0.75637,0.72988,0.6276,0.83161,0.82524,0.74105,0.63981,0.75095,0.79499,0.73376,13.0
pool_hu_harm_nemotron_evaldescshape_650.jsonl,none+ga5,80,0,40,40,80,0.89834,0.88195,0.95463,0.70455,0.94932,0.98485,0.94929,0.69938,0.90534,0.97381,11.3
pool_hu_harm_nemotron_evaldescshape_650.jsonl,none+ga5,80,1,40,40,80,0.89169,0.88133,0.95652,0.71384,0.93863,0.95776,0.97145,0.70884,0.87684,0.96819,10.3
pool_hu_harm_nemotron_evaldescshape_650.jsonl,none+ga5,80,2,40,40,80,0.87108,0.87494,0.8913,0.66012,0.95767,0.97521,0.94939,0.66362,0.92372,0.96304,15.7
pool_hu_harm_nemotron_evaldescshape_650.jsonl,none+ga5,80,3,40,40,80,0.89705,0.90144,0.99433,0.63223,0.96347,0.99816,0.9933,0.68233,0.94052,0.98959,17.8
pool_hu_harm_nemotron_evaldescshape_650.jsonl,none+ga5,80,4,40,40,80,0.92785,0.90309,1.0,0.74897,0.96291,0.99954,0.99103,0.69125,0.94165,0.98844,17.0
pool_hu_harm_nemotron_evaldescshape_650.jsonl,none+ga5,80,5,40,40,80,0.89789,0.89162,0.98204,0.64876,0.96625,0.99449,0.99113,0.6732,0.91674,0.98542,17.7
pool_hu_harm_nemotron_evaldescshape_650.jsonl,none+ga5,80,6,40,40,80,0.85018,0.85712,0.89698,0.58574,0.92626,0.99174,0.95004,0.62898,0.87727,0.9722,10.3
pool_hu_harm_nemotron_evaldescshape_650.jsonl,none+ga5,80,7,40,40,80,0.89273,0.87885,0.9603,0.67769,0.94531,0.9876,0.96486,0.66418,0.90824,0.97813,16.3
pool_hu_harm_nemotron_evaldescshape_650.jsonl,none+ga2,30,0,15,15,30,0.82297,0.84432,0.76654,0.64153,0.93707,0.94674,0.84332,0.67209,0.90784,0.95403,15.1
pool_hu_harm_nemotron_evaldescshape_650.jsonl,none+ga2,30,1,15,15,30,0.65204,0.71621,0.63894,0.46488,0.78993,0.71442,0.63722,0.62386,0.84791,0.75583,8.4
pool_hu_harm_nemotron_evaldescshape_650.jsonl,none+ga2,30,2,15,15,30,0.86923,0.88766,0.98677,0.51033,0.98073,0.99908,0.98648,0.61016,0.97559,0.97839,12.2
pool_hu_harm_nemotron_evaldescshape_650.jsonl,none+ga2,30,3,15,15,30,0.86397,0.88029,0.96597,0.55888,0.95077,0.98026,0.98075,0.61896,0.94685,0.97459,15.0
pool_hu_harm_nemotron_evaldescshape_650.jsonl,none+ga2,30,4,15,15,30,0.78122,0.82202,0.68242,0.54236,0.9442,0.95592,0.73475,0.67899,0.94281,0.93154,9.1
pool_hu_harm_nemotron_evaldescshape_650.jsonl,none+ga2,30,5,15,15,30,0.88556,0.8911,0.99622,0.60331,0.94364,0.99908,0.99146,0.66017,0.9233,0.98948,12.8
pool_hu_harm_nemotron_evaldescshape_650.jsonl,none+ga2,30,6,15,15,30,0.84785,0.86798,0.862,0.6095,0.95478,0.96511,0.88873,0.66819,0.95259,0.96241,15.4
pool_hu_harm_nemotron_evaldescshape_650.jsonl,none+ga2,30,7,15,15,30,0.88779,0.89436,0.98488,0.60847,0.96425,0.99357,0.97643,0.68724,0.95003,0.96377,10.3
pool_hu_harm_nemotron_evaldescshape_650.jsonl,none+ga1bs16,10,0,5,5,10,0.52364,0.58317,0.50095,0.34607,0.73513,0.5124,0.50087,0.54867,0.77766,0.50547,10.1
pool_hu_harm_nemotron_evaldescshape_650.jsonl,none+ga1bs16,10,1,5,5,10,0.5422,0.55365,0.51229,0.49587,0.6409,0.51974,0.51222,0.56182,0.63229,0.50828,8.3
pool_hu_harm_nemotron_evaldescshape_650.jsonl,none+ga1bs16,10,2,5,5,10,0.5425,0.58082,0.48393,0.30785,0.83827,0.53994,0.49503,0.45489,0.85096,0.52239,8.1
pool_hu_harm_nemotron_evaldescshape_650.jsonl,none+ga1bs16,10,3,5,5,10,0.72347,0.71433,0.67675,0.72004,0.59122,0.90588,0.70329,0.7231,0.54692,0.88401,8.5
pool_hu_harm_nemotron_evaldescshape_650.jsonl,none+ga1bs16,10,4,5,5,10,0.56224,0.62522,0.5293,0.30785,0.77957,0.63223,0.5333,0.51526,0.80685,0.64546,8.6
pool_hu_harm_nemotron_evaldescshape_650.jsonl,none+ga1bs16,10,5,5,5,10,0.5394,0.55188,0.51418,0.59298,0.52796,0.5225,0.51449,0.60648,0.55537,0.53118,7.9
pool_hu_harm_nemotron_evaldescshape_650.jsonl,none+ga1bs16,10,6,5,5,10,0.64141,0.6213,0.52174,0.75,0.60793,0.68595,0.51763,0.66875,0.64124,0.65759,8.7
pool_hu_harm_nemotron_evaldescshape_650.jsonl,none+ga1bs16,10,7,5,5,10,0.49655,0.54211,0.49716,0.39876,0.58064,0.50964,0.49957,0.56861,0.58448,0.51577,7.8
pool_hu_harm_nemotron_general_650.jsonl,none+ga5,80,0,40,40,80,0.88263,0.87994,0.97732,0.62293,0.9413,0.98898,0.96561,0.65449,0.9235,0.97616,11.3
pool_hu_harm_nemotron_general_650.jsonl,none+ga5,80,1,40,40,80,0.87633,0.87769,0.94329,0.68388,0.89006,0.98806,0.9455,0.70784,0.87451,0.98292,10.6
pool_hu_harm_nemotron_general_650.jsonl,none+ga5,80,2,40,40,80,0.88889,0.90062,0.9811,0.6374,0.94899,0.98806,0.9694,0.69837,0.95146,0.98324,10.3
pool_hu_harm_nemotron_general_650.jsonl,none+ga5,80,3,40,40,80,0.90793,0.90011,1.0,0.70145,0.93807,0.99219,0.98875,0.70918,0.91645,0.98605,10.9
pool_hu_harm_nemotron_general_650.jsonl,none+ga5,80,4,40,40,80,0.90007,0.89786,0.98393,0.68802,0.93751,0.99082,0.96724,0.71898,0.9256,0.97964,13.0
pool_hu_harm_nemotron_general_650.jsonl,none+ga5,80,5,40,40,80,0.87401,0.88188,0.96219,0.58884,0.956,0.98898,0.94777,0.66006,0.93655,0.98313,9.7
pool_hu_harm_nemotron_general_650.jsonl,none+ga5,80,6,40,40,80,0.86874,0.88043,0.95085,0.60434,0.93261,0.98714,0.95156,0.67866,0.91301,0.9785,9.5
pool_hu_harm_nemotron_general_650.jsonl,none+ga5,80,7,40,40,80,0.88186,0.86714,0.92722,0.7345,0.87904,0.98669,0.88657,0.71742,0.879,0.98558,10.2
pool_hu_harm_nemotron_general_650.jsonl,none+ga2,30,0,15,15,30,0.88211,0.88139,0.99622,0.61364,0.92593,0.99265,0.98811,0.64402,0.91635,0.97709,10.7
pool_hu_harm_nemotron_general_650.jsonl,none+ga2,30,1,15,15,30,0.89653,0.88963,0.9225,0.72211,0.94888,0.99265,0.92096,0.72344,0.93314,0.981,14.4
pool_hu_harm_nemotron_general_650.jsonl,none+ga2,30,2,15,15,30,0.84987,0.85623,0.89981,0.58161,0.94286,0.97521,0.86321,0.6585,0.9249,0.97829,9.5
pool_hu_harm_nemotron_general_650.jsonl,none+ga2,30,3,15,15,30,0.90633,0.87972,0.95652,0.78719,0.89998,0.98163,0.94301,0.74649,0.85557,0.97381,12.4
pool_hu_harm_nemotron_general_650.jsonl,none+ga2,30,4,15,15,30,0.85041,0.84098,0.88469,0.61777,0.92214,0.97704,0.82948,0.65204,0.89934,0.98308,9.4
pool_hu_harm_nemotron_general_650.jsonl,none+ga2,30,5,15,15,30,0.87396,0.87827,0.91966,0.63843,0.95244,0.98531,0.88235,0.67855,0.96395,0.98823,9.5
pool_hu_harm_nemotron_general_650.jsonl,none+ga2,30,6,15,15,30,0.89561,0.90166,0.98015,0.64979,0.97271,0.9798,0.96994,0.68345,0.9663,0.98693,9.1
pool_hu_harm_nemotron_general_650.jsonl,none+ga2,30,7,15,15,30,0.90349,0.88198,0.95369,0.7624,0.92359,0.97429,0.9202,0.71497,0.90803,0.98475,14.0
pool_hu_harm_nemotron_general_650.jsonl,none+ga1bs16,10,0,5,5,10,0.75179,0.75835,0.63422,0.59194,0.94353,0.83747,0.61321,0.68155,0.94645,0.79217,14.5
pool_hu_harm_nemotron_general_650.jsonl,none+ga1bs16,10,1,5,5,10,0.85079,0.8302,0.82703,0.66839,0.95411,0.95363,0.76135,0.6624,0.93828,0.95877,9.7
pool_hu_harm_nemotron_general_650.jsonl,none+ga1bs16,10,2,5,5,10,0.82051,0.78921,0.69093,0.73037,0.93284,0.92792,0.66328,0.66251,0.94103,0.89005,13.0
pool_hu_harm_nemotron_general_650.jsonl,none+ga1bs16,10,3,5,5,10,0.84958,0.8189,0.76843,0.71694,0.93451,0.97842,0.70772,0.67721,0.93935,0.95132,11.6
pool_hu_harm_nemotron_general_650.jsonl,none+ga1bs16,10,4,5,5,10,0.82557,0.83677,0.81853,0.59711,0.96425,0.92241,0.8151,0.64613,0.96233,0.92352,13.4
pool_hu_harm_nemotron_general_650.jsonl,none+ga1bs16,10,5,5,5,10,0.80421,0.78252,0.72495,0.68182,0.94598,0.8641,0.69561,0.65115,0.91041,0.87292,13.7
pool_hu_harm_nemotron_general_650.jsonl,none+ga1bs16,10,6,5,5,10,0.724,0.70823,0.569,0.68182,0.84262,0.80257,0.5665,0.6644,0.84217,0.75984,13.5
pool_hu_harm_nemotron_general_650.jsonl,none+ga1bs16,10,7,5,5,10,0.66003,0.66542,0.52836,0.57541,0.89998,0.63636,0.51741,0.62141,0.93207,0.5908,8.3
pool_hu_harm_deepseekv4pro_evaldescshape_650.jsonl,none+ga4,80,0,40,40,80,0.91605,0.91158,0.98677,0.70971,0.97783,0.9899,0.99243,0.70038,0.98426,0.96923,22.5
pool_hu_harm_deepseekv4pro_evaldescshape_650.jsonl,none+ga4,80,1,40,40,80,0.90024,0.90708,0.99244,0.65909,0.95678,0.99265,0.99027,0.68969,0.96579,0.98256,17.7
pool_hu_harm_deepseekv4pro_evaldescshape_650.jsonl,none+ga4,80,2,40,40,80,0.89426,0.8955,0.96881,0.68595,0.94431,0.97796,0.97275,0.69125,0.95164,0.96637,12.8
pool_hu_harm_deepseekv4pro_evaldescshape_650.jsonl,none+ga4,80,3,40,40,80,0.8643,0.86232,0.93573,0.63017,0.93584,0.95546,0.93058,0.64569,0.93687,0.93612,10.6
pool_hu_harm_deepseekv4pro_evaldescshape_650.jsonl,none+ga4,80,4,40,40,80,0.91551,0.91455,0.99244,0.68698,0.98719,0.99541,0.99805,0.68924,0.99054,0.98037,12.9
pool_hu_harm_deepseekv4pro_evaldescshape_650.jsonl,none+ga4,80,5,40,40,80,0.87372,0.8649,0.87335,0.71281,0.93718,0.97153,0.87911,0.6986,0.92084,0.96106,10.4
pool_hu_harm_deepseekv4pro_evaldescshape_650.jsonl,none+ga4,80,6,40,40,80,0.92513,0.90885,1.0,0.71488,0.98563,1.0,0.99178,0.68356,0.97849,0.98157,10.5
pool_hu_harm_deepseekv4pro_evaldescshape_650.jsonl,none+ga4,80,7,40,40,80,0.81673,0.84058,0.77694,0.64876,0.90733,0.93388,0.82915,0.70472,0.89191,0.93654,10.7
pool_hu_harm_deepseekv4pro_general_650.jsonl,none+ga4,80,0,40,40,80,0.89013,0.88095,0.99338,0.66219,0.91,0.99495,0.98811,0.6712,0.87822,0.98626,12.9
pool_hu_harm_deepseekv4pro_general_650.jsonl,none+ga4,80,1,40,40,80,0.86506,0.87079,1.0,0.59194,0.8963,0.97199,0.9947,0.64825,0.86269,0.97751,10.3
pool_hu_harm_deepseekv4pro_general_650.jsonl,none+ga4,80,2,40,40,80,0.8731,0.87445,1.0,0.58368,0.94776,0.96097,0.99719,0.60671,0.91651,0.97741,11.6
pool_hu_harm_deepseekv4pro_general_650.jsonl,none+ga4,80,3,40,40,80,0.90093,0.88715,1.0,0.68905,0.92571,0.98898,0.99622,0.68022,0.88772,0.98443,11.3
pool_hu_harm_deepseekv4pro_general_650.jsonl,none+ga4,80,4,40,40,80,0.89251,0.87955,0.99905,0.68595,0.89697,0.98806,0.99394,0.67298,0.86672,0.98454,9.6
pool_hu_harm_deepseekv4pro_general_650.jsonl,none+ga4,80,5,40,40,80,0.90303,0.88076,1.0,0.70041,0.92181,0.9899,0.99178,0.66797,0.88901,0.97428,11.5
pool_hu_harm_deepseekv4pro_general_650.jsonl,none+ga4,80,6,40,40,80,0.9038,0.89017,1.0,0.70248,0.91914,0.99357,0.99686,0.69926,0.88041,0.98412,11.1
pool_hu_harm_deepseekv4pro_general_650.jsonl,none+ga4,80,7,40,40,80,0.89475,0.88205,1.0,0.68079,0.90555,0.99265,0.99449,0.67431,0.87506,0.98433,11.6
pool_hu_harm_gptoss_evaldescshape_650.jsonl,none+ga4,80,0,40,40,80,0.86522,0.8763,0.9206,0.63843,0.92114,0.98072,0.93372,0.70851,0.89033,0.97267,11.4
pool_hu_harm_gptoss_evaldescshape_650.jsonl,none+ga4,80,1,40,40,80,0.75301,0.76156,0.57183,0.7376,0.85643,0.84619,0.58445,0.7789,0.84061,0.84225,10.3
pool_hu_harm_gptoss_evaldescshape_650.jsonl,none+ga4,80,2,40,40,80,0.88343,0.86425,0.81191,0.81612,0.93506,0.97062,0.82029,0.77333,0.90631,0.95705,10.1
pool_hu_harm_gptoss_evaldescshape_650.jsonl,none+ga4,80,3,40,40,80,0.91793,0.8958,0.96597,0.74174,0.97505,0.98898,0.95956,0.72488,0.92206,0.97668,10.5
pool_hu_harm_gptoss_evaldescshape_650.jsonl,none+ga4,80,4,40,40,80,0.90398,0.89744,0.93762,0.74587,0.94665,0.98577,0.94215,0.74471,0.92483,0.97808,10.5
pool_hu_harm_gptoss_evaldescshape_650.jsonl,none+ga4,80,5,40,40,80,0.88934,0.87951,0.91682,0.70455,0.94564,0.99036,0.9309,0.72744,0.88795,0.97173,10.4
pool_hu_harm_gptoss_evaldescshape_650.jsonl,none+ga4,80,6,40,40,80,0.91338,0.90925,0.97353,0.74897,0.93284,0.99816,0.98897,0.75785,0.9033,0.98688,16.7
pool_hu_harm_gptoss_evaldescshape_650.jsonl,none+ga4,80,7,40,40,80,0.8451,0.85581,0.84877,0.70041,0.86656,0.96465,0.86105,0.73446,0.86366,0.96408,9.6
pool_hu_harm_gptoss_general_650.jsonl,none+ga4,80,0,40,40,80,0.91225,0.88088,0.99622,0.77789,0.87581,0.99908,0.98681,0.70561,0.84451,0.98657,11.8
pool_hu_harm_gptoss_general_650.jsonl,none+ga4,80,1,40,40,80,0.9027,0.8966,1.0,0.67975,0.93473,0.99633,0.99676,0.72355,0.88451,0.98157,11.2
pool_hu_harm_gptoss_general_650.jsonl,none+ga4,80,2,40,40,80,0.9056,0.89391,1.0,0.69008,0.93417,0.99816,0.99632,0.68267,0.91659,0.98006,11.7
pool_hu_harm_gptoss_general_650.jsonl,none+ga4,80,3,40,40,80,0.8937,0.87886,0.99244,0.72314,0.86656,0.99265,0.97135,0.70973,0.84919,0.98516,10.6
pool_hu_harm_gptoss_general_650.jsonl,none+ga4,80,4,40,40,80,0.89657,0.87401,0.99055,0.71074,0.89508,0.9899,0.96799,0.69214,0.85223,0.9837,10.7
pool_hu_harm_gptoss_general_650.jsonl,none+ga4,80,5,40,40,80,0.92455,0.89607,1.0,0.78202,0.91891,0.99725,0.99319,0.73313,0.86984,0.98813,16.4
pool_hu_harm_gptoss_general_650.jsonl,none+ga4,80,6,40,40,80,0.91287,0.88957,1.0,0.75826,0.89597,0.99725,0.99384,0.7221,0.85675,0.98558,17.0
pool_hu_harm_gptoss_general_650.jsonl,none+ga4,80,7,40,40,80,0.90479,0.89164,1.0,0.71694,0.90221,1.0,0.99816,0.72399,0.86274,0.98167,10.7
pool_hu_harm_llama70b_evaldescshape_650.jsonl,none+ga4,80,0,40,40,80,0.80267,0.80491,0.71928,0.66632,0.92838,0.89669,0.66382,0.72778,0.93696,0.89109,10.5
pool_hu_harm_llama70b_evaldescshape_650.jsonl,none+ga4,80,1,40,40,80,0.79237,0.79101,0.66446,0.73347,0.88862,0.88292,0.62359,0.74148,0.9195,0.87948,10.3
pool_hu_harm_llama70b_evaldescshape_650.jsonl,none+ga4,80,2,40,40,80,0.73283,0.74844,0.56238,0.67975,0.86456,0.82461,0.52595,0.7593,0.88115,0.82736,9.6
pool_hu_harm_llama70b_evaldescshape_650.jsonl,none+ga4,80,3,40,40,80,0.82297,0.84129,0.73629,0.7624,0.89697,0.89624,0.78038,0.76955,0.91479,0.90046,9.7
pool_hu_harm_llama70b_evaldescshape_650.jsonl,none+ga4,80,4,40,40,80,0.8073,0.81379,0.66541,0.76343,0.91423,0.88613,0.66166,0.77623,0.92377,0.89348,9.9
pool_hu_harm_llama70b_evaldescshape_650.jsonl,none+ga4,80,5,40,40,80,0.84167,0.83133,0.77788,0.72624,0.94197,0.92057,0.73432,0.74861,0.92434,0.91805,9.2
pool_hu_harm_llama70b_evaldescshape_650.jsonl,none+ga4,80,6,40,40,80,0.78725,0.78017,0.63611,0.7655,0.88238,0.86501,0.57353,0.75117,0.91951,0.87646,9.5
pool_hu_harm_llama70b_evaldescshape_650.jsonl,none+ga4,80,7,40,40,80,0.78492,0.80717,0.63233,0.70661,0.92058,0.88017,0.63203,0.77846,0.93804,0.88015,10.1
pool_hu_harm_llama70b_general_650.jsonl,none+ga4,80,0,40,40,80,0.85759,0.84129,0.83648,0.76343,0.90622,0.92424,0.81672,0.73134,0.87521,0.9419,12.2
pool_hu_harm_llama70b_general_650.jsonl,none+ga4,80,1,40,40,80,0.89673,0.86955,0.92628,0.78926,0.90076,0.97062,0.90009,0.75184,0.86214,0.96413,13.1
pool_hu_harm_llama70b_general_650.jsonl,none+ga4,80,2,40,40,80,0.85197,0.83421,0.82042,0.70661,0.94331,0.93756,0.78871,0.75663,0.91098,0.88052,13.4
pool_hu_harm_llama70b_general_650.jsonl,none+ga4,80,3,40,40,80,0.80973,0.7762,0.68147,0.84091,0.818,0.89853,0.66609,0.76643,0.81013,0.86214,16.5
pool_hu_harm_llama70b_general_650.jsonl,none+ga4,80,4,40,40,80,0.90935,0.90603,0.98393,0.72727,0.95511,0.97107,0.97059,0.73903,0.95078,0.96371,11.5
pool_hu_harm_llama70b_general_650.jsonl,none+ga4,80,5,40,40,80,0.82784,0.79323,0.74575,0.85331,0.81288,0.89945,0.7101,0.77824,0.79551,0.88906,11.3
pool_hu_harm_llama70b_general_650.jsonl,none+ga4,80,6,40,40,80,0.85997,0.82342,0.87146,0.88843,0.79661,0.88338,0.82429,0.78826,0.77255,0.90858,15.1
pool_hu_harm_llama70b_general_650.jsonl,none+ga4,80,7,40,40,80,0.85148,0.82884,0.83932,0.84298,0.8219,0.90174,0.80309,0.78703,0.79376,0.93149,11.5
pool_hu_harm_nemotron_evaldescshape_650.jsonl,none+ga4,80,0,40,40,80,0.9259,0.90851,0.98299,0.7593,0.96681,0.99449,0.98378,0.71051,0.95385,0.98589,17.1
pool_hu_harm_nemotron_evaldescshape_650.jsonl,none+ga4,80,1,40,40,80,0.90663,0.90584,1.0,0.67252,0.96915,0.98485,0.98897,0.67732,0.96832,0.98875,17.5
pool_hu_harm_nemotron_evaldescshape_650.jsonl,none+ga4,80,2,40,40,80,0.88241,0.87625,0.9225,0.66736,0.96458,0.97521,0.96615,0.64357,0.93321,0.96205,16.6
pool_hu_harm_nemotron_evaldescshape_650.jsonl,none+ga4,80,3,40,40,80,0.88365,0.8822,0.91115,0.70351,0.94197,0.97796,0.9534,0.70183,0.89856,0.97501,10.7
pool_hu_harm_nemotron_evaldescshape_650.jsonl,none+ga4,80,4,40,40,80,0.92843,0.90317,1.0,0.7531,0.96246,0.99816,0.988,0.69559,0.93669,0.9924,10.3
pool_hu_harm_nemotron_evaldescshape_650.jsonl,none+ga4,80,5,40,40,80,0.90381,0.8992,0.99244,0.65083,0.97472,0.99725,0.992,0.68133,0.93981,0.98365,11.2
pool_hu_harm_nemotron_evaldescshape_650.jsonl,none+ga4,80,6,40,40,80,0.87564,0.88266,0.91777,0.63946,0.9481,0.99725,0.97091,0.67465,0.90251,0.98256,11.3
pool_hu_harm_nemotron_evaldescshape_650.jsonl,none+ga4,80,7,40,40,80,0.88066,0.87847,0.94802,0.6312,0.94709,0.99633,0.9668,0.65304,0.91281,0.98121,17.2
pool_hu_harm_nemotron_general_650.jsonl,none+ga4,80,0,40,40,80,0.87749,0.88887,0.98866,0.60331,0.94141,0.97658,0.97913,0.66429,0.93473,0.97735,11.4
pool_hu_harm_nemotron_general_650.jsonl,none+ga4,80,1,40,40,80,0.87178,0.85911,0.87146,0.78822,0.84763,0.9798,0.89468,0.72232,0.83886,0.98058,9.8
pool_hu_harm_nemotron_general_650.jsonl,none+ga4,80,2,40,40,80,0.88251,0.89832,0.98771,0.60847,0.94397,0.9899,0.97827,0.6947,0.9417,0.9786,10.4
pool_hu_harm_nemotron_general_650.jsonl,none+ga4,80,3,40,40,80,0.88356,0.89367,0.94518,0.67872,0.92136,0.98898,0.95621,0.71475,0.91336,0.99037,10.6
pool_hu_harm_nemotron_general_650.jsonl,none+ga4,80,4,40,40,80,0.90144,0.89319,0.99055,0.69112,0.93328,0.99082,0.97297,0.70673,0.91265,0.98042,12.4
pool_hu_harm_nemotron_general_650.jsonl,none+ga4,80,5,40,40,80,0.8693,0.8741,0.92817,0.60227,0.96146,0.98531,0.92204,0.65237,0.94194,0.98006,10.4
pool_hu_harm_nemotron_general_650.jsonl,none+ga4,80,6,40,40,80,0.86668,0.87452,0.97353,0.57231,0.93005,0.99082,0.96788,0.6487,0.90611,0.97537,9.8
pool_hu_harm_nemotron_general_650.jsonl,none+ga4,80,7,40,40,80,0.88952,0.89371,0.98677,0.6188,0.95712,0.99541,0.96724,0.67955,0.94575,0.9823,9.7
pool_hu_harm_deepseekv4pro_general_650.jsonl,none+ga4,110,0,55,55,110,0.90533,0.88898,0.99811,0.72934,0.9012,0.99265,0.99254,0.71775,0.8614,0.98423,12.6
pool_hu_harm_deepseekv4pro_general_650.jsonl,none+ga4,110,1,55,55,110,0.90247,0.88824,0.99811,0.69008,0.92905,0.99265,0.99394,0.68311,0.89265,0.98324,11.2
pool_hu_harm_deepseekv4pro_general_650.jsonl,none+ga4,110,2,55,55,110,0.89466,0.8912,1.0,0.65702,0.93172,0.9899,0.99643,0.6879,0.89495,0.98553,10.3
pool_hu_harm_deepseekv4pro_general_650.jsonl,none+ga4,110,3,55,55,110,0.86646,0.87122,1.0,0.57025,0.93139,0.96419,0.99697,0.6184,0.89424,0.97527,11.8
pool_hu_harm_deepseekv4pro_general_650.jsonl,none+ga4,110,4,55,55,110,0.88556,0.87337,1.0,0.62397,0.9247,0.99357,0.99492,0.63611,0.8835,0.97897,11.7
pool_hu_harm_deepseekv4pro_general_650.jsonl,none+ga4,110,5,55,55,110,0.88729,0.87938,1.0,0.6436,0.92805,0.9775,0.99611,0.66173,0.87596,0.9837,12.4
pool_hu_harm_deepseekv4pro_general_650.jsonl,none+ga4,110,6,55,55,110,0.89413,0.88707,1.0,0.63017,0.95188,0.99449,0.99816,0.63834,0.9284,0.98339,12.2
pool_hu_harm_deepseekv4pro_general_650.jsonl,none+ga4,110,7,55,55,110,0.88628,0.88045,0.99622,0.62913,0.92805,0.99174,0.99665,0.64391,0.90315,0.97808,11.6
pool_hu_harm_deepseekv4pro_general_650.jsonl,none+ga4,170,0,85,85,170,0.9258,0.88822,1.0,0.79649,0.9168,0.9899,0.99535,0.70172,0.87272,0.98308,13.0
pool_hu_harm_deepseekv4pro_general_650.jsonl,none+ga4,170,1,85,85,170,0.91724,0.89282,1.0,0.74793,0.9247,0.99633,0.99784,0.69926,0.88064,0.99354,11.7
pool_hu_harm_deepseekv4pro_general_650.jsonl,none+ga4,170,2,85,85,170,0.90181,0.88329,1.0,0.71384,0.909,0.98439,0.99427,0.68724,0.86989,0.98178,22.7
pool_hu_harm_deepseekv4pro_general_650.jsonl,none+ga4,170,3,85,85,170,0.89216,0.88428,0.99811,0.67459,0.91245,0.98347,0.99319,0.69002,0.87049,0.98344,11.2
pool_hu_harm_deepseekv4pro_general_650.jsonl,none+ga4,170,4,85,85,170,0.88376,0.88226,1.0,0.60537,0.93517,0.99449,0.99751,0.64914,0.9017,0.98069,12.0
pool_hu_harm_deepseekv4pro_general_650.jsonl,none+ga4,170,5,85,85,170,0.89683,0.87199,0.99811,0.71901,0.88672,0.98347,0.98086,0.67487,0.84846,0.98376,21.7
pool_hu_harm_deepseekv4pro_general_650.jsonl,none+ga4,170,6,85,85,170,0.90626,0.89288,1.0,0.69318,0.93462,0.99725,0.99762,0.6879,0.90548,0.98053,15.2
pool_hu_harm_deepseekv4pro_general_650.jsonl,none+ga4,170,7,85,85,170,0.90995,0.88736,1.0,0.73244,0.91746,0.9899,0.99816,0.68122,0.88454,0.98553,12.6
pool_hu_harm_deepseekv4pro_general_650.jsonl,none+ga4,350,0,175,175,350,0.8902,0.88745,1.0,0.6374,0.92983,0.99357,0.99611,0.67576,0.89533,0.98261,18.6
pool_hu_harm_deepseekv4pro_general_650.jsonl,none+ga4,350,1,175,175,350,0.92061,0.89643,1.0,0.74483,0.94219,0.99541,0.99827,0.69347,0.90545,0.98855,13.7
pool_hu_harm_deepseekv4pro_general_650.jsonl,none+ga4,350,2,175,175,350,0.92702,0.90097,1.0,0.77996,0.93362,0.99449,0.99784,0.71898,0.89994,0.98714,23.2
pool_hu_harm_deepseekv4pro_general_650.jsonl,none+ga4,350,3,175,175,350,0.90629,0.8864,1.0,0.71488,0.91947,0.99082,0.99459,0.68389,0.88654,0.98058,15.5
pool_hu_harm_deepseekv4pro_general_650.jsonl,none+ga4,350,4,175,175,350,0.90921,0.89671,1.0,0.70455,0.93595,0.99633,0.99892,0.68802,0.91719,0.98272,14.6
pool_hu_harm_deepseekv4pro_general_650.jsonl,none+ga4,350,5,175,175,350,0.90431,0.88857,1.0,0.69525,0.92749,0.99449,0.99578,0.67521,0.89263,0.99068,13.3
pool_hu_harm_deepseekv4pro_general_650.jsonl,none+ga4,350,6,175,175,350,0.91935,0.8954,1.0,0.7438,0.93818,0.99541,0.9973,0.69158,0.90453,0.98818,14.9
pool_hu_harm_deepseekv4pro_general_650.jsonl,none+ga4,350,7,175,175,350,0.91284,0.88278,1.0,0.7469,0.91089,0.99357,0.99859,0.66362,0.88225,0.98667,15.5
pool_hu_harm_deepseekv4pro_general_650.jsonl,none+ga4,590,0,295,295,590,0.92031,0.89672,1.0,0.7469,0.93985,0.99449,0.99827,0.69425,0.91069,0.98365,18.3
pool_hu_harm_deepseekv4pro_general_650.jsonl,none+ga4,590,1,295,295,590,0.92353,0.88969,1.0,0.78926,0.91268,0.99219,0.99622,0.70094,0.87428,0.98735,25.3
pool_hu_harm_deepseekv4pro_general_650.jsonl,none+ga4,590,2,295,295,590,0.91104,0.89227,0.98866,0.71488,0.94431,0.99633,0.996,0.68479,0.90328,0.98501,26.5
pool_hu_harm_deepseekv4pro_general_650.jsonl,none+ga4,590,3,295,295,590,0.92605,0.89881,1.0,0.77583,0.93573,0.99265,0.99913,0.70249,0.90585,0.98777,26.8
pool_hu_harm_deepseekv4pro_general_650.jsonl,none+ga4,590,4,295,295,590,0.92605,0.89429,1.0,0.79029,0.91758,0.99633,0.99784,0.7123,0.87882,0.98818,16.7
pool_hu_harm_deepseekv4pro_general_650.jsonl,none+ga4,590,5,295,295,590,0.9198,0.89259,1.0,0.7562,0.92849,0.99449,0.99849,0.69882,0.88643,0.98662,19.9
pool_hu_harm_deepseekv4pro_general_650.jsonl,none+ga4,590,6,295,295,590,0.9171,0.89592,1.0,0.74587,0.92805,0.99449,0.9973,0.70706,0.89656,0.98277,21.8
pool_hu_harm_deepseekv4pro_general_650.jsonl,none+ga4,590,7,295,295,590,0.92448,0.89455,1.0,0.77686,0.92381,0.99725,0.9974,0.71196,0.8764,0.99245,21.3
pool_hu_harm_gptoss_general_650.jsonl,none+ga4,110,0,55,55,110,0.89771,0.8907,0.98771,0.68595,0.9227,0.99449,0.97621,0.72978,0.87741,0.97938,13.0
pool_hu_harm_gptoss_general_650.jsonl,none+ga4,110,1,55,55,110,0.90408,0.87581,0.98866,0.70764,0.92415,0.99587,0.97275,0.66941,0.88907,0.97199,10.9
pool_hu_harm_gptoss_general_650.jsonl,none+ga4,110,2,55,55,110,0.8881,0.88359,1.0,0.62603,0.93094,0.99541,0.99535,0.67855,0.88019,0.98027,11.6
pool_hu_harm_gptoss_general_650.jsonl,none+ga4,110,3,55,55,110,0.91558,0.88778,0.99811,0.76963,0.90009,0.99449,0.97448,0.72889,0.86314,0.98459,10.8
pool_hu_harm_gptoss_general_650.jsonl,none+ga4,110,4,55,55,110,0.87765,0.87505,0.99905,0.63017,0.88505,0.99633,0.97924,0.67142,0.85984,0.98969,10.5
pool_hu_harm_gptoss_general_650.jsonl,none+ga4,110,5,55,55,110,0.83202,0.83043,0.80435,0.72934,0.82012,0.97429,0.83618,0.6967,0.81884,0.97001,9.8
pool_hu_harm_gptoss_general_650.jsonl,none+ga4,110,6,55,55,110,0.88469,0.87151,1.0,0.66012,0.88138,0.99725,0.99654,0.68,0.83277,0.97673,10.6
pool_hu_harm_gptoss_general_650.jsonl,none+ga4,110,7,55,55,110,0.90627,0.88563,1.0,0.72934,0.89575,1.0,0.98529,0.72499,0.84771,0.98454,13.1
pool_hu_harm_gptoss_general_650.jsonl,none+ga4,170,0,85,85,170,0.90413,0.8875,0.98866,0.71074,0.92081,0.99633,0.98465,0.71631,0.86864,0.98042,13.0
pool_hu_harm_gptoss_general_650.jsonl,none+ga4,170,1,85,85,170,0.89042,0.88747,1.0,0.65289,0.90878,1.0,0.98767,0.69849,0.8809,0.98282,11.9
pool_hu_harm_gptoss_general_650.jsonl,none+ga4,170,2,85,85,170,0.92151,0.89168,1.0,0.78616,0.89987,1.0,0.9973,0.72834,0.85405,0.98704,11.9
pool_hu_harm_gptoss_general_650.jsonl,none+ga4,170,3,85,85,170,0.90592,0.89588,0.99527,0.69628,0.93306,0.99908,0.98789,0.72923,0.88784,0.97855,12.0
pool_hu_harm_gptoss_general_650.jsonl,none+ga4,170,4,85,85,170,0.90016,0.88506,1.0,0.69525,0.90633,0.99908,0.99416,0.71074,0.85616,0.97918,12.9
pool_hu_harm_gptoss_general_650.jsonl,none+ga4,170,5,85,85,170,0.91874,0.89564,1.0,0.75103,0.92393,1.0,0.99611,0.70907,0.89144,0.98594,12.4
pool_hu_harm_gptoss_general_650.jsonl,none+ga4,170,6,85,85,170,0.88206,0.87353,0.99433,0.64463,0.89296,0.99633,0.98086,0.69214,0.83977,0.98136,11.3
pool_hu_harm_gptoss_general_650.jsonl,none+ga4,170,7,85,85,170,0.90797,0.89205,1.0,0.72934,0.90622,0.99633,0.99503,0.70806,0.87795,0.98714,12.8
pool_hu_harm_gptoss_general_650.jsonl,none+ga4,350,0,175,175,350,0.89091,0.88105,0.99905,0.66529,0.9002,0.99908,0.99027,0.71207,0.84237,0.97949,15.1
pool_hu_harm_gptoss_general_650.jsonl,none+ga4,350,1,175,175,350,0.90893,0.88388,0.99433,0.79959,0.85375,0.98806,0.96962,0.75239,0.8275,0.986,13.5
pool_hu_harm_gptoss_general_650.jsonl,none+ga4,350,2,175,175,350,0.92063,0.89214,1.0,0.76963,0.9129,1.0,0.99589,0.72065,0.8656,0.98641,13.3
pool_hu_harm_gptoss_general_650.jsonl,none+ga4,350,3,175,175,350,0.90039,0.8873,0.99622,0.70351,0.90365,0.99816,0.99103,0.72087,0.85171,0.98558,13.4
pool_hu_harm_gptoss_general_650.jsonl,none+ga4,350,4,175,175,350,0.89836,0.88544,0.99622,0.70661,0.8943,0.99633,0.99059,0.71876,0.85334,0.97907,13.5
pool_hu_harm_gptoss_general_650.jsonl,none+ga4,350,5,175,175,350,0.92365,0.88887,1.0,0.80165,0.89385,0.99908,0.99449,0.71931,0.85569,0.986,13.0
pool_hu_harm_gptoss_general_650.jsonl,none+ga4,350,6,175,175,350,0.8995,0.87274,0.97732,0.7624,0.86378,0.99449,0.96021,0.7162,0.83137,0.98318,13.7
pool_hu_harm_gptoss_general_650.jsonl,none+ga4,350,7,175,175,350,0.9148,0.89351,1.0,0.74174,0.91746,1.0,0.99838,0.71787,0.87364,0.98417,13.6
pool_hu_harm_gptoss_general_650.jsonl,none+ga4,590,0,295,295,590,0.86964,0.84841,0.862,0.78512,0.84429,0.98714,0.84851,0.74148,0.82574,0.97793,18.3
pool_hu_harm_gptoss_general_650.jsonl,none+ga4,590,1,295,295,590,0.82449,0.8202,0.74102,0.7624,0.83404,0.96051,0.76308,0.71664,0.83147,0.9696,17.6
pool_hu_harm_gptoss_general_650.jsonl,none+ga4,590,2,295,295,590,0.90565,0.88421,1.0,0.72314,0.90131,0.99816,0.99027,0.70506,0.85603,0.98547,18.0
pool_hu_harm_gptoss_general_650.jsonl,none+ga4,590,3,295,295,590,0.89344,0.88267,0.99622,0.69731,0.88572,0.99449,0.97329,0.72867,0.84277,0.98594,18.0
pool_hu_harm_gptoss_general_650.jsonl,none+ga4,590,4,295,295,590,0.90807,0.88219,0.99905,0.75723,0.8806,0.99541,0.98811,0.71374,0.83894,0.98797,17.0
pool_hu_harm_gptoss_general_650.jsonl,none+ga4,590,5,295,295,590,0.92404,0.89151,1.0,0.79132,0.90577,0.99908,0.98875,0.73535,0.8534,0.98855,18.2
pool_hu_harm_gptoss_general_650.jsonl,none+ga4,590,6,295,295,590,0.90816,0.88557,0.99622,0.74174,0.89652,0.99816,0.98594,0.72098,0.84826,0.98709,17.3
pool_hu_harm_gptoss_general_650.jsonl,none+ga4,590,7,295,295,590,0.90645,0.87193,0.95652,0.81921,0.85743,0.99265,0.94161,0.73825,0.82504,0.98282,17.3
pool_hu_harm_llama70b_general_650.jsonl,none+ga4,110,0,55,55,110,0.8566,0.82817,0.81569,0.8719,0.85865,0.88017,0.78212,0.79572,0.82993,0.90494,12.3
pool_hu_harm_llama70b_general_650.jsonl,none+ga4,110,1,55,55,110,0.8301,0.79663,0.77316,0.85331,0.82067,0.87328,0.74643,0.81187,0.78638,0.84184,19.5
pool_hu_harm_llama70b_general_650.jsonl,none+ga4,110,2,55,55,110,0.89967,0.87366,0.96975,0.82438,0.8601,0.94444,0.95004,0.76999,0.8159,0.95872,12.4
pool_hu_harm_llama70b_general_650.jsonl,none+ga4,110,3,55,55,110,0.90963,0.88381,0.99055,0.7624,0.89842,0.98714,0.97502,0.72655,0.85372,0.97996,11.4
pool_hu_harm_llama70b_general_650.jsonl,none+ga4,110,4,55,55,110,0.87284,0.86158,0.91966,0.73554,0.88071,0.95546,0.91793,0.72733,0.83651,0.96455,11.4
pool_hu_harm_llama70b_general_650.jsonl,none+ga4,110,5,55,55,110,0.88792,0.86858,0.93289,0.82645,0.85754,0.9348,0.91468,0.78603,0.81993,0.95367,12.7
pool_hu_harm_llama70b_general_650.jsonl,none+ga4,110,6,55,55,110,0.89585,0.90371,0.99244,0.68492,0.95288,0.95317,0.97448,0.7495,0.92299,0.96788,13.2
pool_hu_harm_llama70b_general_650.jsonl,none+ga4,110,7,55,55,110,0.85817,0.83222,0.84877,0.79545,0.87525,0.91322,0.81347,0.7466,0.83793,0.93086,16.3
pool_hu_harm_llama70b_general_650.jsonl,none+ga4,170,0,85,85,170,0.86664,0.86523,0.91493,0.73037,0.87636,0.9449,0.89598,0.75919,0.84869,0.95705,13.4
pool_hu_harm_llama70b_general_650.jsonl,none+ga4,170,1,85,85,170,0.90776,0.88709,0.95274,0.77376,0.93852,0.96602,0.93036,0.7329,0.92366,0.96142,12.9
pool_hu_harm_llama70b_general_650.jsonl,none+ga4,170,2,85,85,170,0.89995,0.88313,0.93006,0.80165,0.92225,0.94582,0.91706,0.7583,0.89834,0.95882,11.7
pool_hu_harm_llama70b_general_650.jsonl,none+ga4,170,3,85,85,170,0.89902,0.8673,0.93951,0.82955,0.87202,0.955,0.91155,0.76665,0.82879,0.9622,11.8
pool_hu_harm_llama70b_general_650.jsonl,none+ga4,170,4,85,85,170,0.91679,0.89945,0.98582,0.77066,0.9442,0.96648,0.97805,0.7319,0.91309,0.97475,12.4
pool_hu_harm_llama70b_general_650.jsonl,none+ga4,170,5,85,85,170,0.90262,0.88524,0.93667,0.77996,0.93194,0.96189,0.92766,0.73168,0.90961,0.97199,11.5
pool_hu_harm_llama70b_general_650.jsonl,none+ga4,170,6,85,85,170,0.90702,0.8854,0.9707,0.77583,0.90176,0.9798,0.94907,0.75173,0.86549,0.97532,12.3
pool_hu_harm_llama70b_general_650.jsonl,none+ga4,170,7,85,85,170,0.893,0.90545,0.99055,0.65393,0.95322,0.97429,0.97664,0.72644,0.94594,0.97277,12.4
pool_hu_harm_llama70b_general_650.jsonl,none+ga4,350,0,175,175,350,0.91121,0.90685,0.99338,0.71281,0.94509,0.99357,0.9814,0.73067,0.93491,0.98042,15.2
pool_hu_harm_llama70b_general_650.jsonl,none+ga4,350,1,175,175,350,0.8782,0.87766,0.90548,0.72314,0.92827,0.95592,0.90809,0.71976,0.90841,0.97439,13.9
pool_hu_harm_llama70b_general_650.jsonl,none+ga4,350,2,175,175,350,0.90647,0.89585,0.931,0.78409,0.94019,0.97062,0.91631,0.76454,0.92694,0.97564,13.5
pool_hu_harm_llama70b_general_650.jsonl,none+ga4,350,3,175,175,350,0.9033,0.89738,0.96314,0.74277,0.92749,0.9798,0.95804,0.73836,0.91692,0.97621,13.8
pool_hu_harm_llama70b_general_650.jsonl,none+ga4,350,4,175,175,350,0.90284,0.90572,0.99244,0.69008,0.95133,0.9775,0.98378,0.72288,0.94206,0.97418,14.3
pool_hu_harm_llama70b_general_650.jsonl,none+ga4,350,5,175,175,350,0.90928,0.90496,0.99244,0.69318,0.95701,0.99449,0.97924,0.71107,0.95561,0.97392,13.7
pool_hu_harm_llama70b_general_650.jsonl,none+ga4,350,6,175,175,350,0.91307,0.89413,0.96408,0.82025,0.91156,0.95638,0.9614,0.7593,0.88476,0.97105,12.3
pool_hu_harm_llama70b_general_650.jsonl,none+ga4,350,7,175,175,350,0.82469,0.79887,0.70983,0.7624,0.89953,0.927,0.69237,0.74059,0.85588,0.90665,12.6
pool_hu_harm_llama70b_general_650.jsonl,none+ga4,590,0,295,295,590,0.92538,0.89986,0.98866,0.78926,0.93094,0.99265,0.97275,0.75618,0.88974,0.98079,20.3
pool_hu_harm_llama70b_general_650.jsonl,none+ga4,590,1,295,295,590,0.88036,0.87234,0.94329,0.69112,0.92927,0.95776,0.90906,0.71909,0.8905,0.97069,16.1
pool_hu_harm_llama70b_general_650.jsonl,none+ga4,590,2,295,295,590,0.90304,0.89128,0.95463,0.76963,0.92693,0.96097,0.9428,0.75384,0.90614,0.96236,23.5
pool_hu_harm_llama70b_general_650.jsonl,none+ga4,590,3,295,295,590,0.90004,0.90191,0.98299,0.67459,0.95177,0.99082,0.97481,0.7094,0.9487,0.97475,22.9
pool_hu_harm_llama70b_general_650.jsonl,none+ga4,590,4,295,295,590,0.88247,0.88669,0.93667,0.67355,0.94353,0.97612,0.92939,0.71363,0.93088,0.97288,17.3
pool_hu_harm_llama70b_general_650.jsonl,none+ga4,590,5,295,295,590,0.88427,0.89336,0.93289,0.69525,0.94063,0.96832,0.93739,0.72188,0.94385,0.97032,22.8
pool_hu_harm_llama70b_general_650.jsonl,none+ga4,590,6,295,295,590,0.91915,0.90096,1.0,0.74587,0.9335,0.99725,0.99221,0.71386,0.91655,0.98121,25.1
pool_hu_harm_llama70b_general_650.jsonl,none+ga4,590,7,295,295,590,0.90002,0.8839,0.93667,0.74277,0.9344,0.98623,0.93534,0.72388,0.90661,0.96975,23.3
pool_hu_harm_nemotron_general_650.jsonl,none+ga4,110,0,55,55,110,0.90446,0.89671,0.97164,0.70764,0.94865,0.9899,0.95913,0.71508,0.92681,0.98584,12.7
pool_hu_harm_nemotron_general_650.jsonl,none+ga4,110,1,55,55,110,0.8913,0.88967,0.9603,0.66426,0.95166,0.98898,0.96832,0.69147,0.92092,0.97798,13.9
pool_hu_harm_nemotron_general_650.jsonl,none+ga4,110,2,55,55,110,0.91354,0.90159,1.0,0.72727,0.92871,0.99816,0.99665,0.72722,0.89666,0.98584,16.5
pool_hu_harm_nemotron_general_650.jsonl,none+ga4,110,3,55,55,110,0.89401,0.88264,0.95558,0.70971,0.9227,0.98806,0.94572,0.71174,0.89071,0.9824,11.9
pool_hu_harm_nemotron_general_650.jsonl,none+ga4,110,4,55,55,110,0.8962,0.89767,0.98677,0.68802,0.91735,0.99265,0.97178,0.75084,0.89258,0.97548,12.0
pool_hu_harm_nemotron_general_650.jsonl,none+ga4,110,5,55,55,110,0.89207,0.89445,0.97543,0.65289,0.94821,0.99174,0.96691,0.7143,0.92192,0.97465,10.8
pool_hu_harm_nemotron_general_650.jsonl,none+ga4,110,6,55,55,110,0.90868,0.89966,0.97732,0.71798,0.94676,0.99265,0.97167,0.72176,0.93191,0.97329,10.6
pool_hu_harm_nemotron_general_650.jsonl,none+ga4,110,7,55,55,110,0.88779,0.88597,0.97732,0.67665,0.90454,0.99265,0.97253,0.72499,0.86344,0.98292,10.3
pool_hu_harm_nemotron_general_650.jsonl,none+ga4,170,0,85,85,170,0.89684,0.88347,0.98677,0.67562,0.93462,0.99036,0.9774,0.67632,0.9053,0.97485,12.4
pool_hu_harm_nemotron_general_650.jsonl,none+ga4,170,1,85,85,170,0.88873,0.89723,1.0,0.60744,0.953,0.99449,0.99081,0.68,0.93973,0.97839,14.3
pool_hu_harm_nemotron_general_650.jsonl,none+ga4,170,2,85,85,170,0.88838,0.88996,0.94707,0.70145,0.91602,0.98898,0.95696,0.72978,0.88758,0.98553,12.6
pool_hu_harm_nemotron_general_650.jsonl,none+ga4,170,3,85,85,170,0.8719,0.87268,0.94234,0.64979,0.90833,0.98714,0.94096,0.69024,0.88382,0.97569,11.3
pool_hu_harm_nemotron_general_650.jsonl,none+ga4,170,4,85,85,170,0.88617,0.88178,0.97921,0.64566,0.93083,0.98898,0.96442,0.67677,0.91051,0.97543,11.5
pool_hu_harm_nemotron_general_650.jsonl,none+ga4,170,5,85,85,170,0.86719,0.865,0.94802,0.61467,0.91435,0.99174,0.94074,0.66462,0.87921,0.97543,10.7
pool_hu_harm_nemotron_general_650.jsonl,none+ga4,170,6,85,85,170,0.89644,0.88652,0.97637,0.72417,0.89898,0.98623,0.97827,0.71575,0.86989,0.98219,18.4
pool_hu_harm_nemotron_general_650.jsonl,none+ga4,170,7,85,85,170,0.89448,0.88021,0.92722,0.73037,0.93685,0.98347,0.91858,0.71954,0.90266,0.98006,20.8
pool_hu_harm_nemotron_general_650.jsonl,none+ga4,350,0,175,175,350,0.88823,0.86452,0.8913,0.74587,0.94331,0.97245,0.8431,0.71085,0.92385,0.98027,14.7
pool_hu_harm_nemotron_general_650.jsonl,none+ga4,350,1,175,175,350,0.90161,0.87808,0.93951,0.77066,0.90822,0.98806,0.92528,0.73624,0.86815,0.98266,13.7
pool_hu_harm_nemotron_general_650.jsonl,none+ga4,350,2,175,175,350,0.89978,0.89196,0.97826,0.70248,0.92849,0.9899,0.96313,0.71308,0.90279,0.98886,13.4
pool_hu_harm_nemotron_general_650.jsonl,none+ga4,350,3,175,175,350,0.92021,0.89395,0.95652,0.78719,0.94264,0.99449,0.95394,0.72577,0.91744,0.97865,22.5
pool_hu_harm_nemotron_general_650.jsonl,none+ga4,350,4,175,175,350,0.90854,0.88911,0.94896,0.77479,0.92326,0.98714,0.93015,0.73168,0.90509,0.98954,13.7
pool_hu_harm_nemotron_general_650.jsonl,none+ga4,350,5,175,175,350,0.91041,0.89512,0.97543,0.74483,0.92871,0.99265,0.97286,0.71374,0.90709,0.98678,13.6
pool_hu_harm_nemotron_general_650.jsonl,none+ga4,350,6,175,175,350,0.89699,0.88847,0.9414,0.72624,0.9286,0.99174,0.92106,0.72945,0.91779,0.98558,13.9
pool_hu_harm_nemotron_general_650.jsonl,none+ga4,350,7,175,175,350,0.91798,0.90379,0.96503,0.77376,0.93774,0.99541,0.97394,0.73881,0.91695,0.98547,27.2
pool_hu_harm_nemotron_general_650.jsonl,none+ga4,590,0,295,295,590,0.89885,0.88365,0.92155,0.75207,0.93373,0.98806,0.90538,0.72889,0.91558,0.98475,38.4
pool_hu_harm_nemotron_general_650.jsonl,none+ga4,590,1,295,295,590,0.90078,0.8782,0.90832,0.78099,0.9276,0.98623,0.89998,0.74337,0.88901,0.98042,17.8
pool_hu_harm_nemotron_general_650.jsonl,none+ga4,590,2,295,295,590,0.9211,0.89611,0.97543,0.78409,0.92949,0.99541,0.97805,0.73279,0.88558,0.98803,22.4
pool_hu_harm_nemotron_general_650.jsonl,none+ga4,590,3,295,295,590,0.89894,0.89389,0.99622,0.69628,0.91334,0.9899,0.98259,0.72243,0.88585,0.98469,17.3
pool_hu_harm_nemotron_general_650.jsonl,none+ga4,590,4,295,295,590,0.9005,0.89716,0.9811,0.69318,0.93506,0.99265,0.97481,0.70951,0.91999,0.98433,16.6
pool_hu_harm_nemotron_general_650.jsonl,none+ga4,590,5,295,295,590,0.90141,0.89057,0.95841,0.72521,0.92938,0.99265,0.96237,0.72143,0.8966,0.98188,17.9
pool_hu_harm_nemotron_general_650.jsonl,none+ga4,590,6,295,295,590,0.92093,0.90143,0.96408,0.79132,0.93384,0.99449,0.97189,0.74694,0.90711,0.9798,19.5
pool_hu_harm_nemotron_general_650.jsonl,none+ga4,590,7,295,295,590,0.91322,0.89554,0.95841,0.76033,0.94241,0.99174,0.94139,0.7329,0.9197,0.98818,16.6
