round,dataset,auroc,accuracy,tpr_at_fpr,fpr
iter0,eval_ai_dilemmas,0.842993,0.522059,0.088235,0.01
iter0,eval_ant_hh,0.739252,0.69403,0.089552,0.01
iter0,eval_balanced_refusal,0.878038,0.77,0.465,0.01
iter0,eval_daily_dilemmas,0.922428,0.816327,0.642857,0.01
iter0,mean,0.845678,0.700604,0.321411,0.01
iter1,eval_ai_dilemmas,0.842993,0.522059,0.088235,0.01
iter1,eval_ant_hh,0.739252,0.69403,0.089552,0.01
iter1,eval_balanced_refusal,0.878038,0.77,0.465,0.01
iter1,eval_daily_dilemmas,0.922428,0.816327,0.642857,0.01
iter1,mean,0.845678,0.700604,0.321411,0.01
iter2,eval_ai_dilemmas,0.779628,0.558824,0.205882,0.01
iter2,eval_ant_hh,0.749722,0.679104,0.0,0.01
iter2,eval_balanced_refusal,0.9003,0.81,0.44,0.01
iter2,eval_daily_dilemmas,0.93888,0.867347,0.704082,0.01
iter2,mean,0.842132,0.728819,0.337491,0.01
iter3,eval_ai_dilemmas,0.779628,0.558824,0.205882,0.01
iter3,eval_ant_hh,0.749722,0.679104,0.0,0.01
iter3,eval_balanced_refusal,0.9003,0.81,0.44,0.01
iter3,eval_daily_dilemmas,0.93888,0.867347,0.704082,0.01
iter3,mean,0.842132,0.728819,0.337491,0.01
iter4,eval_ai_dilemmas,0.779628,0.558824,0.205882,0.01
iter4,eval_ant_hh,0.749722,0.679104,0.0,0.01
iter4,eval_balanced_refusal,0.9003,0.81,0.44,0.01
iter4,eval_daily_dilemmas,0.93888,0.867347,0.704082,0.01
iter4,mean,0.842132,0.728819,0.337491,0.01
iter5,eval_ai_dilemmas,0.820285,0.566176,0.220588,0.01
iter5,eval_ant_hh,0.73268,0.708955,0.0,0.01
iter5,eval_balanced_refusal,0.90465,0.7925,0.55,0.01
iter5,eval_daily_dilemmas,0.955331,0.877551,0.72449,0.01
iter5,mean,0.853237,0.736296,0.37377,0.01
iter6,eval_ai_dilemmas,0.773356,0.573529,0.220588,0.01
iter6,eval_ant_hh,0.751392,0.708955,0.0,0.01
iter6,eval_balanced_refusal,0.900825,0.805,0.53,0.01
iter6,eval_daily_dilemmas,0.949396,0.872449,0.704082,0.01
iter6,mean,0.843742,0.739983,0.363667,0.01
iter7,eval_ai_dilemmas,0.838884,0.5,0.426471,0.01
iter7,eval_ant_hh,0.74237,0.731343,0.0,0.01
iter7,eval_balanced_refusal,0.855175,0.7825,0.615,0.01
iter7,eval_daily_dilemmas,0.970845,0.857143,0.72449,0.01
iter7,mean,0.851819,0.717747,0.44149,0.01
iter8,eval_ai_dilemmas,0.836721,0.507353,0.323529,0.01
iter8,eval_ant_hh,0.75685,0.716418,0.0,0.01
iter8,eval_balanced_refusal,0.839675,0.795,0.6,0.01
iter8,eval_daily_dilemmas,0.974594,0.867347,0.734694,0.01
iter8,mean,0.85196,0.721529,0.414556,0.01
iter9,eval_ai_dilemmas,0.8159602076124567,0.5147058823529411,0.25,0.01
iter9,eval_ant_hh,0.7584094453107597,0.7089552238805971,0.0,0.01
iter9,eval_balanced_refusal,0.851425,0.8,0.625,0.01
iter9,eval_daily_dilemmas,0.9764681382757184,0.8673469387755102,0.7346938775510204,0.01
iter9,mean,0.8505656977997337,0.7227520112522621,0.4024234693877551,0.01
iter10,eval_ai_dilemmas,0.8267733564013839,0.5661764705882353,0.3088235294117647,0.01
iter10,eval_ant_hh,0.7611940298507464,0.664179104477612,0.0,0.01
iter10,eval_balanced_refusal,0.8349375,0.8225,0.565,0.01
iter10,eval_daily_dilemmas,0.9720949604331528,0.8979591836734694,0.7244897959183674,0.01
iter10,mean,0.8487499616713208,0.7377036896848292,0.399578331332533,0.01
