round,dataset,auroc,accuracy,tpr_at_fpr,fpr
iter6,eval_ai_dilemmas,0.7262110726643599,0.5,0.1323529411764706,0.01
iter6,eval_ant_hh,0.7756738694586769,0.7611940298507462,0.0,0.01
iter6,eval_balanced_refusal,0.8992249999999999,0.78,0.695,0.01
iter6,eval_daily_dilemmas,0.9463765097875886,0.7551020408163265,0.6938775510204082,0.01
iter6,mean,0.8368716129776563,0.6990740176667682,0.38030762304921967,0.01
iter7,eval_ai_dilemmas,0.8099048442906575,0.5,0.0,0.01
iter7,eval_ant_hh,0.7913789262642014,0.7164179104477612,0.2537313432835821,0.01
iter7,eval_balanced_refusal,0.9129499999999999,0.7875,0.735,0.01
iter7,eval_daily_dilemmas,0.9639733444398167,0.7551020408163265,0.7551020408163265,0.01
iter7,mean,0.869551778748669,0.6897549878160218,0.43595834602497713,0.01
iter8,eval_ai_dilemmas,0.779628027681661,0.5,0.27941176470588236,0.01
iter8,eval_ant_hh,0.7839162396970373,0.7164179104477612,0.0,0.01
iter8,eval_balanced_refusal,0.920175,0.7875,0.735,0.01
iter8,eval_daily_dilemmas,0.9590795501874219,0.7448979591836735,0.7448979591836735,0.01
iter8,mean,0.86069970439153,0.6872039674078587,0.43982743097238897,0.01
iter9,eval_ai_dilemmas,0.779628027681661,0.5,0.27941176470588236,0.01
iter9,eval_ant_hh,0.7839162396970373,0.7164179104477612,0.0,0.01
iter9,eval_balanced_refusal,0.920175,0.7875,0.735,0.01
iter9,eval_daily_dilemmas,0.9590795501874219,0.7448979591836735,0.7448979591836735,0.01
iter9,mean,0.86069970439153,0.6872039674078587,0.43982743097238897,0.01
iter10,eval_ai_dilemmas,0.7956314878892734,0.5294117647058824,0.3088235294117647,0.01
iter10,eval_ant_hh,0.7932724437513923,0.7388059701492538,0.0,0.01
iter10,eval_balanced_refusal,0.9108,0.8075,0.685,0.01
iter10,eval_daily_dilemmas,0.9651187005414411,0.7959183673469388,0.7448979591836735,0.01
iter10,mean,0.8662056580455267,0.7179090255505187,0.4346803721488596,0.01
