samples,base,n,draw,n_pos,n_neg,n_training_rows,dev_mean,eval_mean,dev_toolace_balanced,eval_toolace_balanced,seconds
highstakes_deepseekv4pro_p5_deceptive_600.jsonl,none,590,0,295,295,590,0.80133,0.7557,0.80133,0.7557,59.8
highstakes_deepseekv4pro_p5_deceptive_600.jsonl,none,590,1,295,295,590,0.81823,0.75131,0.81823,0.75131,44.0
highstakes_deepseekv4pro_p5_deceptive_600.jsonl,none,590,2,295,295,590,0.78623,0.74391,0.78623,0.74391,42.6
highstakes_deepseekv4pro_p5_deceptive_600.jsonl,none,590,3,295,295,590,0.80005,0.75188,0.80005,0.75188,43.3
highstakes_deepseekv4pro_p5_deceptive_600.jsonl,none,590,4,295,295,590,0.80671,0.74127,0.80671,0.74127,44.1
highstakes_deepseekv4pro_p5_deceptive_600.jsonl,none,590,5,295,295,590,0.7893,0.74154,0.7893,0.74154,43.4
highstakes_deepseekv4pro_p5_deceptive_600.jsonl,none,590,6,295,295,590,0.77445,0.73033,0.77445,0.73033,41.6
highstakes_deepseekv4pro_p5_deceptive_600.jsonl,none,590,7,295,295,590,0.80031,0.74812,0.80031,0.74812,42.5
highstakes_deepseekv4pro_p5_deceptive_600.jsonl,none,300,0,150,150,300,0.79954,0.73082,0.79954,0.73082,30.3
highstakes_deepseekv4pro_p5_deceptive_600.jsonl,none,300,1,150,150,300,0.81951,0.75423,0.81951,0.75423,30.2
highstakes_deepseekv4pro_p5_deceptive_600.jsonl,none,300,2,150,150,300,0.78392,0.7329,0.78392,0.7329,29.5
highstakes_deepseekv4pro_p5_deceptive_600.jsonl,none,300,3,150,150,300,0.80172,0.75476,0.80172,0.75476,30.4
highstakes_deepseekv4pro_p5_deceptive_600.jsonl,none,300,4,150,150,300,0.81951,0.74944,0.81951,0.74944,30.4
highstakes_deepseekv4pro_p5_deceptive_600.jsonl,none,300,5,150,150,300,0.80773,0.73724,0.80773,0.73724,31.0
highstakes_deepseekv4pro_p5_deceptive_600.jsonl,none,300,6,150,150,300,0.78392,0.7352,0.78392,0.7352,30.4
highstakes_deepseekv4pro_p5_deceptive_600.jsonl,none,300,7,150,150,300,0.79071,0.73317,0.79071,0.73317,30.5
highstakes_deepseekv4pro_p5_deceptive_600.jsonl,none,150,0,75,75,150,0.80876,0.74516,0.80876,0.74516,25.0
highstakes_deepseekv4pro_p5_deceptive_600.jsonl,none,150,1,75,75,150,0.77176,0.73725,0.77176,0.73725,25.4
highstakes_deepseekv4pro_p5_deceptive_600.jsonl,none,150,2,75,75,150,0.8277,0.75396,0.8277,0.75396,25.0
highstakes_deepseekv4pro_p5_deceptive_600.jsonl,none,150,3,75,75,150,0.77983,0.72455,0.77983,0.72455,24.8
highstakes_deepseekv4pro_p5_deceptive_600.jsonl,none,150,4,75,75,150,0.74437,0.70273,0.74437,0.70273,25.9
highstakes_deepseekv4pro_p5_deceptive_600.jsonl,none,150,5,75,75,150,0.76229,0.70316,0.76229,0.70316,26.1
highstakes_deepseekv4pro_p5_deceptive_600.jsonl,none,150,6,75,75,150,0.80095,0.7352,0.80095,0.7352,26.0
highstakes_deepseekv4pro_p5_deceptive_600.jsonl,none,150,7,75,75,150,0.7596,0.71538,0.7596,0.71538,25.3
highstakes_deepseekv4pro_p5_deceptive_600.jsonl,none,75,0,37,38,75,0.78226,0.74687,0.78226,0.74687,22.4
highstakes_deepseekv4pro_p5_deceptive_600.jsonl,none,75,1,37,38,75,0.81682,0.72648,0.81682,0.72648,23.7
highstakes_deepseekv4pro_p5_deceptive_600.jsonl,none,75,2,37,38,75,0.75397,0.71665,0.75397,0.71665,22.4
highstakes_deepseekv4pro_p5_deceptive_600.jsonl,none,75,3,37,38,75,0.7765,0.69302,0.7765,0.69302,22.7
highstakes_deepseekv4pro_p5_deceptive_600.jsonl,none,75,4,37,38,75,0.77599,0.7368,0.77599,0.7368,23.2
highstakes_deepseekv4pro_p5_deceptive_600.jsonl,none,75,5,37,38,75,0.77624,0.71735,0.77624,0.71735,21.7
highstakes_deepseekv4pro_p5_deceptive_600.jsonl,none,75,6,37,38,75,0.76907,0.71033,0.76907,0.71033,22.2
highstakes_deepseekv4pro_p5_deceptive_600.jsonl,none,75,7,37,38,75,0.79071,0.71098,0.79071,0.71098,21.6
highstakes_deepseekv4pro_p5_deceptive_600.jsonl,none+ga1,40,0,20,20,40,0.81004,0.7547,0.81004,0.7547,28.4
highstakes_deepseekv4pro_p5_deceptive_600.jsonl,none+ga1,40,1,20,20,40,0.7788,0.69573,0.7788,0.69573,22.6
highstakes_deepseekv4pro_p5_deceptive_600.jsonl,none+ga1,40,2,20,20,40,0.85292,0.76818,0.85292,0.76818,36.3
highstakes_deepseekv4pro_p5_deceptive_600.jsonl,none+ga1,40,3,20,20,40,0.81759,0.72766,0.81759,0.72766,22.6
highstakes_deepseekv4pro_p5_deceptive_600.jsonl,none+ga1,40,4,20,20,40,0.7756,0.70679,0.7756,0.70679,22.9
highstakes_deepseekv4pro_p5_deceptive_600.jsonl,none+ga1,40,5,20,20,40,0.78661,0.71169,0.78661,0.71169,21.7
highstakes_deepseekv4pro_p5_deceptive_600.jsonl,none+ga1,40,6,20,20,40,0.7957,0.72821,0.7957,0.72821,22.6
highstakes_deepseekv4pro_p5_deceptive_600.jsonl,none+ga1,40,7,20,20,40,0.72785,0.69498,0.72785,0.69498,23.1
highstakes_deepseekv4pro_p5_deceptive_600.jsonl,none+ga1,20,0,10,10,20,0.74309,0.69248,0.74309,0.69248,22.0
highstakes_deepseekv4pro_p5_deceptive_600.jsonl,none+ga1,20,1,10,10,20,0.72696,0.65361,0.72696,0.65361,22.2
highstakes_deepseekv4pro_p5_deceptive_600.jsonl,none+ga1,20,2,10,10,20,0.82284,0.72736,0.82284,0.72736,22.2
highstakes_deepseekv4pro_p5_deceptive_600.jsonl,none+ga1,20,3,10,10,20,0.68408,0.60623,0.68408,0.60623,21.5
highstakes_deepseekv4pro_p5_deceptive_600.jsonl,none+ga1,20,4,10,10,20,0.8076,0.72633,0.8076,0.72633,21.9
highstakes_deepseekv4pro_p5_deceptive_600.jsonl,none+ga1,20,5,10,10,20,0.84293,0.72112,0.84293,0.72112,20.8
highstakes_deepseekv4pro_p5_deceptive_600.jsonl,none+ga1,20,6,10,10,20,0.75998,0.66075,0.75998,0.66075,21.3
highstakes_deepseekv4pro_p5_deceptive_600.jsonl,none+ga1,20,7,10,10,20,0.68702,0.63612,0.68702,0.63612,20.3
highstakes_deepseekv4pro_p5_deceptive_600.jsonl,none+ga1,10,0,5,5,10,0.7436,0.70489,0.7436,0.70489,19.7
highstakes_deepseekv4pro_p5_deceptive_600.jsonl,none+ga1,10,1,5,5,10,0.6947,0.60179,0.6947,0.60179,20.2
highstakes_deepseekv4pro_p5_deceptive_600.jsonl,none+ga1,10,2,5,5,10,0.69214,0.67906,0.69214,0.67906,20.6
highstakes_deepseekv4pro_p5_deceptive_600.jsonl,none+ga1,10,3,5,5,10,0.73694,0.67563,0.73694,0.67563,20.1
highstakes_deepseekv4pro_p5_deceptive_600.jsonl,none+ga1,10,4,5,5,10,0.72363,0.66049,0.72363,0.66049,19.8
highstakes_deepseekv4pro_p5_deceptive_600.jsonl,none+ga1,10,5,5,5,10,0.75691,0.65362,0.75691,0.65362,19.8
highstakes_deepseekv4pro_p5_deceptive_600.jsonl,none+ga1,10,6,5,5,10,0.69828,0.63299,0.69828,0.63299,20.5
highstakes_deepseekv4pro_p5_deceptive_600.jsonl,none+ga1,10,7,5,5,10,0.80492,0.73074,0.80492,0.73074,20.3
highstakes_deepseekv4pro_p5_endings_600.jsonl,none,590,0,295,295,590,0.8574,0.88773,0.8574,0.88773,65.1
highstakes_deepseekv4pro_p5_endings_600.jsonl,none,590,1,295,295,590,0.8647,0.89847,0.8647,0.89847,45.1
highstakes_deepseekv4pro_p5_endings_600.jsonl,none,590,2,295,295,590,0.86034,0.89246,0.86034,0.89246,47.2
highstakes_deepseekv4pro_p5_endings_600.jsonl,none,590,3,295,295,590,0.86073,0.89265,0.86073,0.89265,70.8
highstakes_deepseekv4pro_p5_endings_600.jsonl,none,590,4,295,295,590,0.86764,0.89374,0.86764,0.89374,53.5
highstakes_deepseekv4pro_p5_endings_600.jsonl,none,590,5,295,295,590,0.8542,0.88913,0.8542,0.88913,42.7
highstakes_deepseekv4pro_p5_endings_600.jsonl,none,590,6,295,295,590,0.85842,0.88161,0.85842,0.88161,43.5
highstakes_deepseekv4pro_p5_endings_600.jsonl,none,590,7,295,295,590,0.86623,0.89388,0.86623,0.89388,61.4
highstakes_deepseekv4pro_p5_endings_600.jsonl,none,300,0,150,150,300,0.8606,0.88755,0.8606,0.88755,48.6
highstakes_deepseekv4pro_p5_endings_600.jsonl,none,300,1,150,150,300,0.85765,0.88317,0.85765,0.88317,30.9
highstakes_deepseekv4pro_p5_endings_600.jsonl,none,300,2,150,150,300,0.83602,0.87263,0.83602,0.87263,29.8
highstakes_deepseekv4pro_p5_endings_600.jsonl,none,300,3,150,150,300,0.86713,0.89774,0.86713,0.89774,31.9
highstakes_deepseekv4pro_p5_endings_600.jsonl,none,300,4,150,150,300,0.83615,0.87017,0.83615,0.87017,30.3
highstakes_deepseekv4pro_p5_endings_600.jsonl,none,300,5,150,150,300,0.85829,0.8559,0.85829,0.8559,52.9
highstakes_deepseekv4pro_p5_endings_600.jsonl,none,300,6,150,150,300,0.84204,0.86646,0.84204,0.86646,30.5
highstakes_deepseekv4pro_p5_endings_600.jsonl,none,300,7,150,150,300,0.85932,0.87636,0.85932,0.87636,30.9
highstakes_deepseekv4pro_p5_endings_600.jsonl,none,150,0,75,75,150,0.84165,0.87692,0.84165,0.87692,25.1
highstakes_deepseekv4pro_p5_endings_600.jsonl,none,150,1,75,75,150,0.87174,0.88804,0.87174,0.88804,25.2
highstakes_deepseekv4pro_p5_endings_600.jsonl,none,150,2,75,75,150,0.8309,0.86737,0.8309,0.86737,24.2
highstakes_deepseekv4pro_p5_endings_600.jsonl,none,150,3,75,75,150,0.80978,0.86594,0.80978,0.86594,25.4
highstakes_deepseekv4pro_p5_endings_600.jsonl,none,150,4,75,75,150,0.8021,0.84878,0.8021,0.84878,24.8
highstakes_deepseekv4pro_p5_endings_600.jsonl,none,150,5,75,75,150,0.82988,0.84203,0.82988,0.84203,27.4
highstakes_deepseekv4pro_p5_endings_600.jsonl,none,150,6,75,75,150,0.8117,0.82684,0.8117,0.82684,24.3
highstakes_deepseekv4pro_p5_endings_600.jsonl,none,150,7,75,75,150,0.83397,0.85773,0.83397,0.85773,25.5
highstakes_deepseekv4pro_p5_endings_600.jsonl,none,75,0,37,38,75,0.79749,0.84196,0.79749,0.84196,22.4
highstakes_deepseekv4pro_p5_endings_600.jsonl,none,75,1,37,38,75,0.77675,0.80221,0.77675,0.80221,21.1
highstakes_deepseekv4pro_p5_endings_600.jsonl,none,75,2,37,38,75,0.77791,0.82571,0.77791,0.82571,21.1
highstakes_deepseekv4pro_p5_endings_600.jsonl,none,75,3,37,38,75,0.79135,0.83577,0.79135,0.83577,21.8
highstakes_deepseekv4pro_p5_endings_600.jsonl,none,75,4,37,38,75,0.84601,0.86628,0.84601,0.86628,25.6
highstakes_deepseekv4pro_p5_endings_600.jsonl,none,75,5,37,38,75,0.82847,0.83023,0.82847,0.83023,21.9
highstakes_deepseekv4pro_p5_endings_600.jsonl,none,75,6,37,38,75,0.81567,0.8418,0.81567,0.8418,21.5
highstakes_deepseekv4pro_p5_endings_600.jsonl,none,75,7,37,38,75,0.84357,0.84216,0.84357,0.84216,22.1
highstakes_deepseekv4pro_p5_endings_600.jsonl,none+ga1,40,0,20,20,40,0.81106,0.85888,0.81106,0.85888,26.4
highstakes_deepseekv4pro_p5_endings_600.jsonl,none+ga1,40,1,20,20,40,0.84639,0.84733,0.84639,0.84733,22.7
highstakes_deepseekv4pro_p5_endings_600.jsonl,none+ga1,40,2,20,20,40,0.78917,0.8218,0.78917,0.8218,22.0
highstakes_deepseekv4pro_p5_endings_600.jsonl,none+ga1,40,3,20,20,40,0.84562,0.84044,0.84562,0.84044,21.4
highstakes_deepseekv4pro_p5_endings_600.jsonl,none+ga1,40,4,20,20,40,0.78763,0.80484,0.78763,0.80484,21.8
highstakes_deepseekv4pro_p5_endings_600.jsonl,none+ga1,40,5,20,20,40,0.79365,0.81704,0.79365,0.81704,22.0
highstakes_deepseekv4pro_p5_endings_600.jsonl,none+ga1,40,6,20,20,40,0.86854,0.85611,0.86854,0.85611,22.3
highstakes_deepseekv4pro_p5_endings_600.jsonl,none+ga1,40,7,20,20,40,0.79583,0.78857,0.79583,0.78857,21.5
highstakes_deepseekv4pro_p5_endings_600.jsonl,none+ga1,20,0,10,10,20,0.82271,0.793,0.82271,0.793,22.8
highstakes_deepseekv4pro_p5_endings_600.jsonl,none+ga1,20,1,10,10,20,0.75115,0.76349,0.75115,0.76349,20.4
highstakes_deepseekv4pro_p5_endings_600.jsonl,none+ga1,20,2,10,10,20,0.84882,0.80144,0.84882,0.80144,21.1
highstakes_deepseekv4pro_p5_endings_600.jsonl,none+ga1,20,3,10,10,20,0.7605,0.79017,0.7605,0.79017,20.5
highstakes_deepseekv4pro_p5_endings_600.jsonl,none+ga1,20,4,10,10,20,0.80172,0.82097,0.80172,0.82097,20.1
highstakes_deepseekv4pro_p5_endings_600.jsonl,none+ga1,20,5,10,10,20,0.79647,0.79027,0.79647,0.79027,19.7
highstakes_deepseekv4pro_p5_endings_600.jsonl,none+ga1,20,6,10,10,20,0.84818,0.81259,0.84818,0.81259,19.9
highstakes_deepseekv4pro_p5_endings_600.jsonl,none+ga1,20,7,10,10,20,0.83948,0.7989,0.83948,0.7989,20.1
highstakes_deepseekv4pro_p5_endings_600.jsonl,none+ga1,10,0,5,5,10,0.75269,0.76219,0.75269,0.76219,20.3
highstakes_deepseekv4pro_p5_endings_600.jsonl,none+ga1,10,1,5,5,10,0.73963,0.74013,0.73963,0.74013,19.7
highstakes_deepseekv4pro_p5_endings_600.jsonl,none+ga1,10,2,5,5,10,0.80581,0.78818,0.80581,0.78818,19.4
highstakes_deepseekv4pro_p5_endings_600.jsonl,none+ga1,10,3,5,5,10,0.80684,0.8047,0.80684,0.8047,21.1
highstakes_deepseekv4pro_p5_endings_600.jsonl,none+ga1,10,4,5,5,10,0.68561,0.6745,0.68561,0.6745,19.8
highstakes_deepseekv4pro_p5_endings_600.jsonl,none+ga1,10,5,5,5,10,0.71697,0.68813,0.71697,0.68813,20.5
highstakes_deepseekv4pro_p5_endings_600.jsonl,none+ga1,10,6,5,5,10,0.80172,0.78503,0.80172,0.78503,20.5
highstakes_deepseekv4pro_p5_endings_600.jsonl,none+ga1,10,7,5,5,10,0.76382,0.77682,0.76382,0.77682,20.9
highstakes_deepseekv4pro_p5_grid_600.jsonl,none,590,0,295,295,590,0.85087,0.85619,0.85087,0.85619,54.3
highstakes_deepseekv4pro_p5_grid_600.jsonl,none,590,1,295,295,590,0.84818,0.85379,0.84818,0.85379,42.7
highstakes_deepseekv4pro_p5_grid_600.jsonl,none,590,2,295,295,590,0.83641,0.8593,0.83641,0.8593,42.3
highstakes_deepseekv4pro_p5_grid_600.jsonl,none,590,3,295,295,590,0.86137,0.85673,0.86137,0.85673,41.8
highstakes_deepseekv4pro_p5_grid_600.jsonl,none,590,4,295,295,590,0.84959,0.85494,0.84959,0.85494,42.0
highstakes_deepseekv4pro_p5_grid_600.jsonl,none,590,5,295,295,590,0.83397,0.84058,0.83397,0.84058,40.2
highstakes_deepseekv4pro_p5_grid_600.jsonl,none,590,6,295,295,590,0.83628,0.84022,0.83628,0.84022,41.2
highstakes_deepseekv4pro_p5_grid_600.jsonl,none,590,7,295,295,590,0.8533,0.8496,0.8533,0.8496,42.0
highstakes_deepseekv4pro_p5_grid_600.jsonl,none,300,0,150,150,300,0.84626,0.84043,0.84626,0.84043,29.0
highstakes_deepseekv4pro_p5_grid_600.jsonl,none,300,1,150,150,300,0.82783,0.84856,0.82783,0.84856,29.9
highstakes_deepseekv4pro_p5_grid_600.jsonl,none,300,2,150,150,300,0.85458,0.85807,0.85458,0.85807,28.7
highstakes_deepseekv4pro_p5_grid_600.jsonl,none,300,3,150,150,300,0.84716,0.83775,0.84716,0.83775,29.6
highstakes_deepseekv4pro_p5_grid_600.jsonl,none,300,4,150,150,300,0.85228,0.86797,0.85228,0.86797,29.9
highstakes_deepseekv4pro_p5_grid_600.jsonl,none,300,5,150,150,300,0.84626,0.8425,0.84626,0.8425,29.8
highstakes_deepseekv4pro_p5_grid_600.jsonl,none,300,6,150,150,300,0.85202,0.84109,0.85202,0.84109,28.8
highstakes_deepseekv4pro_p5_grid_600.jsonl,none,300,7,150,150,300,0.84332,0.83532,0.84332,0.83532,29.6
highstakes_deepseekv4pro_p5_grid_600.jsonl,none,150,0,75,75,150,0.83154,0.83096,0.83154,0.83096,23.0
highstakes_deepseekv4pro_p5_grid_600.jsonl,none,150,1,75,75,150,0.83538,0.82986,0.83538,0.82986,23.9
highstakes_deepseekv4pro_p5_grid_600.jsonl,none,150,2,75,75,150,0.83065,0.8474,0.83065,0.8474,24.4
highstakes_deepseekv4pro_p5_grid_600.jsonl,none,150,3,75,75,150,0.85433,0.85926,0.85433,0.85926,25.3
highstakes_deepseekv4pro_p5_grid_600.jsonl,none,150,4,75,75,150,0.86457,0.83724,0.86457,0.83724,23.8
highstakes_deepseekv4pro_p5_grid_600.jsonl,none,150,5,75,75,150,0.86137,0.84345,0.86137,0.84345,24.0
highstakes_deepseekv4pro_p5_grid_600.jsonl,none,150,6,75,75,150,0.82744,0.83079,0.82744,0.83079,24.5
highstakes_deepseekv4pro_p5_grid_600.jsonl,none,150,7,75,75,150,0.8565,0.83538,0.8565,0.83538,24.6
highstakes_deepseekv4pro_p5_grid_600.jsonl,none,75,0,37,38,75,0.85189,0.81868,0.85189,0.81868,21.7
highstakes_deepseekv4pro_p5_grid_600.jsonl,none,75,1,37,38,75,0.86982,0.81554,0.86982,0.81554,21.1
highstakes_deepseekv4pro_p5_grid_600.jsonl,none,75,2,37,38,75,0.86918,0.82295,0.86918,0.82295,20.7
highstakes_deepseekv4pro_p5_grid_600.jsonl,none,75,3,37,38,75,0.83141,0.83481,0.83141,0.83481,21.0
highstakes_deepseekv4pro_p5_grid_600.jsonl,none,75,4,37,38,75,0.86316,0.836,0.86316,0.836,20.5
highstakes_deepseekv4pro_p5_grid_600.jsonl,none,75,5,37,38,75,0.84921,0.81105,0.84921,0.81105,22.0
highstakes_deepseekv4pro_p5_grid_600.jsonl,none,75,6,37,38,75,0.85061,0.82637,0.85061,0.82637,21.5
highstakes_deepseekv4pro_p5_grid_600.jsonl,none,75,7,37,38,75,0.84767,0.83192,0.84767,0.83192,21.9
highstakes_deepseekv4pro_p5_grid_600.jsonl,none+ga1,40,0,20,20,40,0.89311,0.81255,0.89311,0.81255,26.9
highstakes_deepseekv4pro_p5_grid_600.jsonl,none+ga1,40,1,20,20,40,0.86777,0.83343,0.86777,0.83343,22.5
highstakes_deepseekv4pro_p5_grid_600.jsonl,none+ga1,40,2,20,20,40,0.82271,0.80359,0.82271,0.80359,22.1
highstakes_deepseekv4pro_p5_grid_600.jsonl,none+ga1,40,3,20,20,40,0.798,0.79699,0.798,0.79699,21.8
highstakes_deepseekv4pro_p5_grid_600.jsonl,none+ga1,40,4,20,20,40,0.87122,0.82891,0.87122,0.82891,21.8
highstakes_deepseekv4pro_p5_grid_600.jsonl,none+ga1,40,5,20,20,40,0.85381,0.82703,0.85381,0.82703,21.7
highstakes_deepseekv4pro_p5_grid_600.jsonl,none+ga1,40,6,20,20,40,0.84037,0.82822,0.84037,0.82822,21.5
highstakes_deepseekv4pro_p5_grid_600.jsonl,none+ga1,40,7,20,20,40,0.84562,0.82122,0.84562,0.82122,21.4
highstakes_deepseekv4pro_p5_grid_600.jsonl,none+ga1,20,0,10,10,20,0.77125,0.73868,0.77125,0.73868,20.6
highstakes_deepseekv4pro_p5_grid_600.jsonl,none+ga1,20,1,10,10,20,0.78776,0.77847,0.78776,0.77847,19.3
highstakes_deepseekv4pro_p5_grid_600.jsonl,none+ga1,20,2,10,10,20,0.82706,0.78345,0.82706,0.78345,20.9
highstakes_deepseekv4pro_p5_grid_600.jsonl,none+ga1,20,3,10,10,20,0.8222,0.80236,0.8222,0.80236,20.3
highstakes_deepseekv4pro_p5_grid_600.jsonl,none+ga1,20,4,10,10,20,0.80658,0.75934,0.80658,0.75934,20.0
highstakes_deepseekv4pro_p5_grid_600.jsonl,none+ga1,20,5,10,10,20,0.75845,0.76747,0.75845,0.76747,20.7
highstakes_deepseekv4pro_p5_grid_600.jsonl,none+ga1,20,6,10,10,20,0.80837,0.79039,0.80837,0.79039,20.5
highstakes_deepseekv4pro_p5_grid_600.jsonl,none+ga1,20,7,10,10,20,0.83193,0.79394,0.83193,0.79394,20.6
highstakes_deepseekv4pro_p5_grid_600.jsonl,none+ga1,10,0,5,5,10,0.90566,0.82028,0.90566,0.82028,20.7
highstakes_deepseekv4pro_p5_grid_600.jsonl,none+ga1,10,1,5,5,10,0.69534,0.62743,0.69534,0.62743,19.7
highstakes_deepseekv4pro_p5_grid_600.jsonl,none+ga1,10,2,5,5,10,0.84895,0.80361,0.84895,0.80361,20.0
highstakes_deepseekv4pro_p5_grid_600.jsonl,none+ga1,10,3,5,5,10,0.89094,0.79008,0.89094,0.79008,20.6
highstakes_deepseekv4pro_p5_grid_600.jsonl,none+ga1,10,4,5,5,10,0.79442,0.78943,0.79442,0.78943,20.8
highstakes_deepseekv4pro_p5_grid_600.jsonl,none+ga1,10,5,5,5,10,0.82488,0.79427,0.82488,0.79427,19.3
highstakes_deepseekv4pro_p5_grid_600.jsonl,none+ga1,10,6,5,5,10,0.82476,0.80582,0.82476,0.80582,19.8
highstakes_deepseekv4pro_p5_grid_600.jsonl,none+ga1,10,7,5,5,10,0.86175,0.80077,0.86175,0.80077,19.6
highstakes_deepseekv4pro_p5_longtail_600.jsonl,none,590,0,295,295,590,0.86802,0.84833,0.86802,0.84833,68.6
highstakes_deepseekv4pro_p5_longtail_600.jsonl,none,590,1,295,295,590,0.87199,0.85141,0.87199,0.85141,67.0
highstakes_deepseekv4pro_p5_longtail_600.jsonl,none,590,2,295,295,590,0.86214,0.837,0.86214,0.837,57.9
highstakes_deepseekv4pro_p5_longtail_600.jsonl,none,590,3,295,295,590,0.86764,0.84527,0.86764,0.84527,72.7
highstakes_deepseekv4pro_p5_longtail_600.jsonl,none,590,4,295,295,590,0.87199,0.85279,0.87199,0.85279,42.3
highstakes_deepseekv4pro_p5_longtail_600.jsonl,none,590,5,295,295,590,0.88044,0.85026,0.88044,0.85026,70.1
highstakes_deepseekv4pro_p5_longtail_600.jsonl,none,590,6,295,295,590,0.86879,0.84685,0.86879,0.84685,42.2
highstakes_deepseekv4pro_p5_longtail_600.jsonl,none,590,7,295,295,590,0.87238,0.86146,0.87238,0.86146,43.3
highstakes_deepseekv4pro_p5_longtail_600.jsonl,none,300,0,150,150,300,0.88134,0.84557,0.88134,0.84557,33.4
highstakes_deepseekv4pro_p5_longtail_600.jsonl,none,300,1,150,150,300,0.87263,0.83996,0.87263,0.83996,48.8
highstakes_deepseekv4pro_p5_longtail_600.jsonl,none,300,2,150,150,300,0.86815,0.84561,0.86815,0.84561,51.0
highstakes_deepseekv4pro_p5_longtail_600.jsonl,none,300,3,150,150,300,0.87801,0.84439,0.87801,0.84439,39.8
highstakes_deepseekv4pro_p5_longtail_600.jsonl,none,300,4,150,150,300,0.86841,0.84879,0.86841,0.84879,33.7
highstakes_deepseekv4pro_p5_longtail_600.jsonl,none,300,5,150,150,300,0.85855,0.83649,0.85855,0.83649,51.3
highstakes_deepseekv4pro_p5_longtail_600.jsonl,none,300,6,150,150,300,0.85317,0.83896,0.85317,0.83896,31.7
highstakes_deepseekv4pro_p5_longtail_600.jsonl,none,300,7,150,150,300,0.86073,0.84044,0.86073,0.84044,50.0
highstakes_deepseekv4pro_p5_longtail_600.jsonl,none,150,0,75,75,150,0.83781,0.83577,0.83781,0.83577,25.4
highstakes_deepseekv4pro_p5_longtail_600.jsonl,none,150,1,75,75,150,0.86546,0.83396,0.86546,0.83396,36.9
highstakes_deepseekv4pro_p5_longtail_600.jsonl,none,150,2,75,75,150,0.86457,0.83361,0.86457,0.83361,26.7
highstakes_deepseekv4pro_p5_longtail_600.jsonl,none,150,3,75,75,150,0.86098,0.82981,0.86098,0.82981,36.0
highstakes_deepseekv4pro_p5_longtail_600.jsonl,none,150,4,75,75,150,0.83705,0.82605,0.83705,0.82605,32.8
highstakes_deepseekv4pro_p5_longtail_600.jsonl,none,150,5,75,75,150,0.87442,0.83123,0.87442,0.83123,27.0
highstakes_deepseekv4pro_p5_longtail_600.jsonl,none,150,6,75,75,150,0.86994,0.84078,0.86994,0.84078,33.6
highstakes_deepseekv4pro_p5_longtail_600.jsonl,none,150,7,75,75,150,0.85599,0.83556,0.85599,0.83556,28.6
highstakes_deepseekv4pro_p5_longtail_600.jsonl,none,75,0,37,38,75,0.87404,0.83106,0.87404,0.83106,24.7
highstakes_deepseekv4pro_p5_longtail_600.jsonl,none,75,1,37,38,75,0.85919,0.83577,0.85919,0.83577,24.1
highstakes_deepseekv4pro_p5_longtail_600.jsonl,none,75,2,37,38,75,0.85561,0.82177,0.85561,0.82177,23.9
highstakes_deepseekv4pro_p5_longtail_600.jsonl,none,75,3,37,38,75,0.85932,0.82647,0.85932,0.82647,24.0
highstakes_deepseekv4pro_p5_longtail_600.jsonl,none,75,4,37,38,75,0.83205,0.81142,0.83205,0.81142,23.3
highstakes_deepseekv4pro_p5_longtail_600.jsonl,none,75,5,37,38,75,0.85983,0.83714,0.85983,0.83714,26.6
highstakes_deepseekv4pro_p5_longtail_600.jsonl,none,75,6,37,38,75,0.86086,0.84268,0.86086,0.84268,27.3
highstakes_deepseekv4pro_p5_longtail_600.jsonl,none,75,7,37,38,75,0.86047,0.82901,0.86047,0.82901,23.1
highstakes_deepseekv4pro_p5_longtail_600.jsonl,none+ga1,40,0,20,20,40,0.83589,0.8025,0.83589,0.8025,26.5
highstakes_deepseekv4pro_p5_longtail_600.jsonl,none+ga1,40,1,20,20,40,0.81797,0.8122,0.81797,0.8122,22.9
highstakes_deepseekv4pro_p5_longtail_600.jsonl,none+ga1,40,2,20,20,40,0.84921,0.82679,0.84921,0.82679,23.1
highstakes_deepseekv4pro_p5_longtail_600.jsonl,none+ga1,40,3,20,20,40,0.85074,0.8098,0.85074,0.8098,29.9
highstakes_deepseekv4pro_p5_longtail_600.jsonl,none+ga1,40,4,20,20,40,0.89465,0.83627,0.89465,0.83627,23.5
highstakes_deepseekv4pro_p5_longtail_600.jsonl,none+ga1,40,5,20,20,40,0.83487,0.82739,0.83487,0.82739,22.9
highstakes_deepseekv4pro_p5_longtail_600.jsonl,none+ga1,40,6,20,20,40,0.85292,0.83744,0.85292,0.83744,23.0
highstakes_deepseekv4pro_p5_longtail_600.jsonl,none+ga1,40,7,20,20,40,0.82962,0.81185,0.82962,0.81185,23.4
highstakes_deepseekv4pro_p5_longtail_600.jsonl,none+ga1,20,0,10,10,20,0.88774,0.80302,0.88774,0.80302,22.9
highstakes_deepseekv4pro_p5_longtail_600.jsonl,none+ga1,20,1,10,10,20,0.8437,0.84572,0.8437,0.84572,21.1
highstakes_deepseekv4pro_p5_longtail_600.jsonl,none+ga1,20,2,10,10,20,0.85676,0.8084,0.85676,0.8084,21.1
highstakes_deepseekv4pro_p5_longtail_600.jsonl,none+ga1,20,3,10,10,20,0.83973,0.825,0.83973,0.825,21.3
highstakes_deepseekv4pro_p5_longtail_600.jsonl,none+ga1,20,4,10,10,20,0.84908,0.83567,0.84908,0.83567,22.4
highstakes_deepseekv4pro_p5_longtail_600.jsonl,none+ga1,20,5,10,10,20,0.85266,0.83119,0.85266,0.83119,21.7
highstakes_deepseekv4pro_p5_longtail_600.jsonl,none+ga1,20,6,10,10,20,0.84729,0.79767,0.84729,0.79767,22.5
highstakes_deepseekv4pro_p5_longtail_600.jsonl,none+ga1,20,7,10,10,20,0.85381,0.82711,0.85381,0.82711,22.7
highstakes_deepseekv4pro_p5_longtail_600.jsonl,none+ga1,10,0,5,5,10,0.82002,0.80996,0.82002,0.80996,20.8
highstakes_deepseekv4pro_p5_longtail_600.jsonl,none+ga1,10,1,5,5,10,0.83513,0.79465,0.83513,0.79465,20.9
highstakes_deepseekv4pro_p5_longtail_600.jsonl,none+ga1,10,2,5,5,10,0.83385,0.80345,0.83385,0.80345,21.5
highstakes_deepseekv4pro_p5_longtail_600.jsonl,none+ga1,10,3,5,5,10,0.86201,0.82307,0.86201,0.82307,20.3
highstakes_deepseekv4pro_p5_longtail_600.jsonl,none+ga1,10,4,5,5,10,0.88364,0.81378,0.88364,0.81378,20.5
highstakes_deepseekv4pro_p5_longtail_600.jsonl,none+ga1,10,5,5,5,10,0.83218,0.79982,0.83218,0.79982,20.6
highstakes_deepseekv4pro_p5_longtail_600.jsonl,none+ga1,10,6,5,5,10,0.87302,0.80427,0.87302,0.80427,22.2
highstakes_deepseekv4pro_p5_longtail_600.jsonl,none+ga1,10,7,5,5,10,0.7692,0.78061,0.7692,0.78061,19.6
highstakes_deepseekv4pro_p5_replica_600.jsonl,none,590,0,295,295,590,0.87519,0.87391,0.87519,0.87391,54.7
highstakes_deepseekv4pro_p5_replica_600.jsonl,none,590,1,295,295,590,0.85074,0.87395,0.85074,0.87395,42.8
highstakes_deepseekv4pro_p5_replica_600.jsonl,none,590,2,295,295,590,0.85637,0.87379,0.85637,0.87379,43.6
highstakes_deepseekv4pro_p5_replica_600.jsonl,none,590,3,295,295,590,0.86713,0.87302,0.86713,0.87302,42.9
highstakes_deepseekv4pro_p5_replica_600.jsonl,none,590,4,295,295,590,0.84677,0.86212,0.84677,0.86212,42.4
highstakes_deepseekv4pro_p5_replica_600.jsonl,none,590,5,295,295,590,0.85996,0.8747,0.85996,0.8747,42.9
highstakes_deepseekv4pro_p5_replica_600.jsonl,none,590,6,295,295,590,0.85522,0.86899,0.85522,0.86899,43.7
highstakes_deepseekv4pro_p5_replica_600.jsonl,none,590,7,295,295,590,0.86521,0.87081,0.86521,0.87081,43.1
highstakes_deepseekv4pro_p5_replica_600.jsonl,none,300,0,150,150,300,0.84204,0.855,0.84204,0.855,29.9
highstakes_deepseekv4pro_p5_replica_600.jsonl,none,300,1,150,150,300,0.835,0.83633,0.835,0.83633,30.3
highstakes_deepseekv4pro_p5_replica_600.jsonl,none,300,2,150,150,300,0.8149,0.85115,0.8149,0.85115,29.6
highstakes_deepseekv4pro_p5_replica_600.jsonl,none,300,3,150,150,300,0.82386,0.84842,0.82386,0.84842,30.0
highstakes_deepseekv4pro_p5_replica_600.jsonl,none,300,4,150,150,300,0.84229,0.83046,0.84229,0.83046,30.0
highstakes_deepseekv4pro_p5_replica_600.jsonl,none,300,5,150,150,300,0.83653,0.85291,0.83653,0.85291,30.5
highstakes_deepseekv4pro_p5_replica_600.jsonl,none,300,6,150,150,300,0.85202,0.86922,0.85202,0.86922,30.4
highstakes_deepseekv4pro_p5_replica_600.jsonl,none,300,7,150,150,300,0.86598,0.85889,0.86598,0.85889,30.6
highstakes_deepseekv4pro_p5_replica_600.jsonl,none,150,0,75,75,150,0.87238,0.85934,0.87238,0.85934,26.8
highstakes_deepseekv4pro_p5_replica_600.jsonl,none,150,1,75,75,150,0.81631,0.84025,0.81631,0.84025,25.8
highstakes_deepseekv4pro_p5_replica_600.jsonl,none,150,2,75,75,150,0.8725,0.84914,0.8725,0.84914,26.6
highstakes_deepseekv4pro_p5_replica_600.jsonl,none,150,3,75,75,150,0.84665,0.85645,0.84665,0.85645,25.5
highstakes_deepseekv4pro_p5_replica_600.jsonl,none,150,4,75,75,150,0.83513,0.83499,0.83513,0.83499,25.7
highstakes_deepseekv4pro_p5_replica_600.jsonl,none,150,5,75,75,150,0.85266,0.84324,0.85266,0.84324,25.9
highstakes_deepseekv4pro_p5_replica_600.jsonl,none,150,6,75,75,150,0.84754,0.85124,0.84754,0.85124,25.7
highstakes_deepseekv4pro_p5_replica_600.jsonl,none,150,7,75,75,150,0.87378,0.87557,0.87378,0.87557,25.9
highstakes_deepseekv4pro_p5_replica_600.jsonl,none,75,0,37,38,75,0.86649,0.84665,0.86649,0.84665,22.2
highstakes_deepseekv4pro_p5_replica_600.jsonl,none,75,1,37,38,75,0.8871,0.86518,0.8871,0.86518,22.4
highstakes_deepseekv4pro_p5_replica_600.jsonl,none,75,2,37,38,75,0.85906,0.83083,0.85906,0.83083,22.5
highstakes_deepseekv4pro_p5_replica_600.jsonl,none,75,3,37,38,75,0.89478,0.85392,0.89478,0.85392,23.1
highstakes_deepseekv4pro_p5_replica_600.jsonl,none,75,4,37,38,75,0.82348,0.80826,0.82348,0.80826,22.1
highstakes_deepseekv4pro_p5_replica_600.jsonl,none,75,5,37,38,75,0.83756,0.82571,0.83756,0.82571,21.9
highstakes_deepseekv4pro_p5_replica_600.jsonl,none,75,6,37,38,75,0.86022,0.85661,0.86022,0.85661,22.6
highstakes_deepseekv4pro_p5_replica_600.jsonl,none,75,7,37,38,75,0.8268,0.82725,0.8268,0.82725,21.9
highstakes_deepseekv4pro_p5_replica_600.jsonl,none+ga1,40,0,20,20,40,0.79647,0.81153,0.79647,0.81153,26.3
highstakes_deepseekv4pro_p5_replica_600.jsonl,none+ga1,40,1,20,20,40,0.85407,0.80534,0.85407,0.80534,23.9
highstakes_deepseekv4pro_p5_replica_600.jsonl,none+ga1,40,2,20,20,40,0.84396,0.85046,0.84396,0.85046,22.2
highstakes_deepseekv4pro_p5_replica_600.jsonl,none+ga1,40,3,20,20,40,0.77509,0.76396,0.77509,0.76396,22.2
highstakes_deepseekv4pro_p5_replica_600.jsonl,none+ga1,40,4,20,20,40,0.8318,0.8055,0.8318,0.8055,21.7
highstakes_deepseekv4pro_p5_replica_600.jsonl,none+ga1,40,5,20,20,40,0.83231,0.82004,0.83231,0.82004,22.3
highstakes_deepseekv4pro_p5_replica_600.jsonl,none+ga1,40,6,20,20,40,0.84204,0.81644,0.84204,0.81644,21.7
highstakes_deepseekv4pro_p5_replica_600.jsonl,none+ga1,40,7,20,20,40,0.84063,0.8083,0.84063,0.8083,22.8
highstakes_deepseekv4pro_p5_replica_600.jsonl,none+ga1,20,0,10,10,20,0.84665,0.79567,0.84665,0.79567,21.1
highstakes_deepseekv4pro_p5_replica_600.jsonl,none+ga1,20,1,10,10,20,0.80863,0.78591,0.80863,0.78591,20.9
highstakes_deepseekv4pro_p5_replica_600.jsonl,none+ga1,20,2,10,10,20,0.85369,0.79693,0.85369,0.79693,20.8
highstakes_deepseekv4pro_p5_replica_600.jsonl,none+ga1,20,3,10,10,20,0.82924,0.8088,0.82924,0.8088,21.0
highstakes_deepseekv4pro_p5_replica_600.jsonl,none+ga1,20,4,10,10,20,0.8268,0.79444,0.8268,0.79444,22.1
highstakes_deepseekv4pro_p5_replica_600.jsonl,none+ga1,20,5,10,10,20,0.8775,0.85642,0.8775,0.85642,22.4
highstakes_deepseekv4pro_p5_replica_600.jsonl,none+ga1,20,6,10,10,20,0.85151,0.78572,0.85151,0.78572,20.9
highstakes_deepseekv4pro_p5_replica_600.jsonl,none+ga1,20,7,10,10,20,0.78264,0.79082,0.78264,0.79082,21.0
highstakes_deepseekv4pro_p5_replica_600.jsonl,none+ga1,10,0,5,5,10,0.72453,0.72407,0.72453,0.72407,21.4
highstakes_deepseekv4pro_p5_replica_600.jsonl,none+ga1,10,1,5,5,10,0.8437,0.83236,0.8437,0.83236,20.9
highstakes_deepseekv4pro_p5_replica_600.jsonl,none+ga1,10,2,5,5,10,0.84946,0.80019,0.84946,0.80019,20.2
highstakes_deepseekv4pro_p5_replica_600.jsonl,none+ga1,10,3,5,5,10,0.86342,0.8181,0.86342,0.8181,20.5
highstakes_deepseekv4pro_p5_replica_600.jsonl,none+ga1,10,4,5,5,10,0.85765,0.82274,0.85765,0.82274,21.6
highstakes_deepseekv4pro_p5_replica_600.jsonl,none+ga1,10,5,5,5,10,0.8181,0.79013,0.8181,0.79013,20.4
highstakes_deepseekv4pro_p5_replica_600.jsonl,none+ga1,10,6,5,5,10,0.86713,0.83172,0.86713,0.83172,20.0
highstakes_deepseekv4pro_p5_replica_600.jsonl,none+ga1,10,7,5,5,10,0.78303,0.76962,0.78303,0.76962,20.9
