samples,base,n,draw,n_pos,n_neg,n_training_rows,dev_mean,eval_mean,dev_oig_context_drift,eval_oig_context_drift,seconds
instructions_deepseekv4pro_oigd5_domains_600.jsonl,none,590,0,295,295,590,0.97796,0.93634,0.97796,0.93634,30.1
instructions_deepseekv4pro_oigd5_domains_600.jsonl,none,590,1,295,295,590,0.96327,0.91407,0.96327,0.91407,21.4
instructions_deepseekv4pro_oigd5_domains_600.jsonl,none,590,2,295,295,590,0.9068,0.88569,0.9068,0.88569,39.7
instructions_deepseekv4pro_oigd5_domains_600.jsonl,none,590,3,295,295,590,0.97567,0.90743,0.97567,0.90743,19.6
instructions_deepseekv4pro_oigd5_domains_600.jsonl,none,590,4,295,295,590,0.97245,0.93161,0.97245,0.93161,19.4
instructions_deepseekv4pro_oigd5_domains_600.jsonl,none,590,5,295,295,590,0.9775,0.92603,0.9775,0.92603,20.3
instructions_deepseekv4pro_oigd5_domains_600.jsonl,none,590,6,295,295,590,0.94949,0.91907,0.94949,0.91907,21.3
instructions_deepseekv4pro_oigd5_domains_600.jsonl,none,590,7,295,295,590,0.91781,0.90631,0.91781,0.90631,19.6
instructions_deepseekv4pro_oigd5_domains_600.jsonl,none,300,0,150,150,300,0.85262,0.8401,0.85262,0.8401,12.1
instructions_deepseekv4pro_oigd5_domains_600.jsonl,none,300,1,150,150,300,0.91965,0.88059,0.91965,0.88059,19.4
instructions_deepseekv4pro_oigd5_domains_600.jsonl,none,300,2,150,150,300,0.89669,0.88798,0.89669,0.88798,13.4
instructions_deepseekv4pro_oigd5_domains_600.jsonl,none,300,3,150,150,300,0.93939,0.90637,0.93939,0.90637,11.7
instructions_deepseekv4pro_oigd5_domains_600.jsonl,none,300,4,150,150,300,0.92929,0.89754,0.92929,0.89754,11.7
instructions_deepseekv4pro_oigd5_domains_600.jsonl,none,300,5,150,150,300,0.86823,0.88256,0.86823,0.88256,11.4
instructions_deepseekv4pro_oigd5_domains_600.jsonl,none,300,6,150,150,300,0.90083,0.8816,0.90083,0.8816,18.4
instructions_deepseekv4pro_oigd5_domains_600.jsonl,none,300,7,150,150,300,0.87236,0.87469,0.87236,0.87469,11.4
instructions_deepseekv4pro_oigd5_domains_600.jsonl,none,150,0,75,75,150,0.87833,0.84185,0.87833,0.84185,7.5
instructions_deepseekv4pro_oigd5_domains_600.jsonl,none,150,1,75,75,150,0.80211,0.82761,0.80211,0.82761,7.6
instructions_deepseekv4pro_oigd5_domains_600.jsonl,none,150,2,75,75,150,0.85308,0.83595,0.85308,0.83595,7.8
instructions_deepseekv4pro_oigd5_domains_600.jsonl,none,150,3,75,75,150,0.82507,0.8519,0.82507,0.8519,7.4
instructions_deepseekv4pro_oigd5_domains_600.jsonl,none,150,4,75,75,150,0.84206,0.8206,0.84206,0.8206,7.2
instructions_deepseekv4pro_oigd5_domains_600.jsonl,none,150,5,75,75,150,0.85032,0.87751,0.85032,0.87751,8.1
instructions_deepseekv4pro_oigd5_domains_600.jsonl,none,150,6,75,75,150,0.89991,0.86779,0.89991,0.86779,7.8
instructions_deepseekv4pro_oigd5_domains_600.jsonl,none,150,7,75,75,150,0.85078,0.86045,0.85078,0.86045,7.3
instructions_deepseekv4pro_oigd5_domains_600.jsonl,none,75,0,37,38,75,0.75987,0.75183,0.75987,0.75183,5.5
instructions_deepseekv4pro_oigd5_domains_600.jsonl,none,75,1,37,38,75,0.78788,0.77904,0.78788,0.77904,5.4
instructions_deepseekv4pro_oigd5_domains_600.jsonl,none,75,2,37,38,75,0.84619,0.78877,0.84619,0.78877,5.5
instructions_deepseekv4pro_oigd5_domains_600.jsonl,none,75,3,37,38,75,0.76905,0.70512,0.76905,0.70512,5.5
instructions_deepseekv4pro_oigd5_domains_600.jsonl,none,75,4,37,38,75,0.79522,0.73339,0.79522,0.73339,5.6
instructions_deepseekv4pro_oigd5_domains_600.jsonl,none,75,5,37,38,75,0.77686,0.74684,0.77686,0.74684,5.3
instructions_deepseekv4pro_oigd5_domains_600.jsonl,none,75,6,37,38,75,0.66988,0.75215,0.66988,0.75215,5.0
instructions_deepseekv4pro_oigd5_domains_600.jsonl,none,75,7,37,38,75,0.83838,0.75407,0.83838,0.75407,5.7
instructions_deepseekv4pro_oigd5_failmodes_600.jsonl,none,590,0,295,295,590,0.95868,0.91604,0.95868,0.91604,19.9
instructions_deepseekv4pro_oigd5_failmodes_600.jsonl,none,590,1,295,295,590,0.98623,0.93921,0.98623,0.93921,20.5
instructions_deepseekv4pro_oigd5_failmodes_600.jsonl,none,590,2,295,295,590,0.99357,0.94,0.99357,0.94,23.3
instructions_deepseekv4pro_oigd5_failmodes_600.jsonl,none,590,3,295,295,590,0.98714,0.94489,0.98714,0.94489,20.8
instructions_deepseekv4pro_oigd5_failmodes_600.jsonl,none,590,4,295,295,590,0.98163,0.92884,0.98163,0.92884,20.8
instructions_deepseekv4pro_oigd5_failmodes_600.jsonl,none,590,5,295,295,590,0.96511,0.93166,0.96511,0.93166,19.9
instructions_deepseekv4pro_oigd5_failmodes_600.jsonl,none,590,6,295,295,590,0.98898,0.92438,0.98898,0.92438,33.6
instructions_deepseekv4pro_oigd5_failmodes_600.jsonl,none,590,7,295,295,590,0.98255,0.92991,0.98255,0.92991,21.0
instructions_deepseekv4pro_oigd5_failmodes_600.jsonl,none,300,0,150,150,300,0.97199,0.92847,0.97199,0.92847,10.9
instructions_deepseekv4pro_oigd5_failmodes_600.jsonl,none,300,1,150,150,300,0.98806,0.93634,0.98806,0.93634,12.7
instructions_deepseekv4pro_oigd5_failmodes_600.jsonl,none,300,2,150,150,300,0.96694,0.9204,0.96694,0.9204,11.4
instructions_deepseekv4pro_oigd5_failmodes_600.jsonl,none,300,3,150,150,300,0.92562,0.88692,0.92562,0.88692,12.3
instructions_deepseekv4pro_oigd5_failmodes_600.jsonl,none,300,4,150,150,300,0.97888,0.95674,0.97888,0.95674,12.6
instructions_deepseekv4pro_oigd5_failmodes_600.jsonl,none,300,5,150,150,300,0.97796,0.92024,0.97796,0.92024,11.5
instructions_deepseekv4pro_oigd5_failmodes_600.jsonl,none,300,6,150,150,300,0.94949,0.89616,0.94949,0.89616,11.2
instructions_deepseekv4pro_oigd5_failmodes_600.jsonl,none,300,7,150,150,300,0.93848,0.88144,0.93848,0.88144,12.5
instructions_deepseekv4pro_oigd5_failmodes_600.jsonl,none,150,0,75,75,150,0.86455,0.80976,0.86455,0.80976,9.1
instructions_deepseekv4pro_oigd5_failmodes_600.jsonl,none,150,1,75,75,150,0.83563,0.78462,0.83563,0.78462,10.4
instructions_deepseekv4pro_oigd5_failmodes_600.jsonl,none,150,2,75,75,150,0.85032,0.82666,0.85032,0.82666,7.1
instructions_deepseekv4pro_oigd5_failmodes_600.jsonl,none,150,3,75,75,150,0.88751,0.8612,0.88751,0.8612,7.6
instructions_deepseekv4pro_oigd5_failmodes_600.jsonl,none,150,4,75,75,150,0.89394,0.86656,0.89394,0.86656,8.6
instructions_deepseekv4pro_oigd5_failmodes_600.jsonl,none,150,5,75,75,150,0.8315,0.85126,0.8315,0.85126,8.3
instructions_deepseekv4pro_oigd5_failmodes_600.jsonl,none,150,6,75,75,150,0.88246,0.85838,0.88246,0.85838,7.8
instructions_deepseekv4pro_oigd5_failmodes_600.jsonl,none,150,7,75,75,150,0.8191,0.8282,0.8191,0.8282,7.8
instructions_deepseekv4pro_oigd5_failmodes_600.jsonl,none,75,0,37,38,75,0.76538,0.73791,0.76538,0.73791,7.0
instructions_deepseekv4pro_oigd5_failmodes_600.jsonl,none,75,1,37,38,75,0.7539,0.7175,0.7539,0.7175,6.1
instructions_deepseekv4pro_oigd5_failmodes_600.jsonl,none,75,2,37,38,75,0.83792,0.80944,0.83792,0.80944,8.3
instructions_deepseekv4pro_oigd5_failmodes_600.jsonl,none,75,3,37,38,75,0.74059,0.66883,0.74059,0.66883,6.0
instructions_deepseekv4pro_oigd5_failmodes_600.jsonl,none,75,4,37,38,75,0.78053,0.76629,0.78053,0.76629,5.6
instructions_deepseekv4pro_oigd5_failmodes_600.jsonl,none,75,5,37,38,75,0.79063,0.82325,0.79063,0.82325,5.4
instructions_deepseekv4pro_oigd5_failmodes_600.jsonl,none,75,6,37,38,75,0.68825,0.67823,0.68825,0.67823,6.1
instructions_deepseekv4pro_oigd5_failmodes_600.jsonl,none,75,7,37,38,75,0.83838,0.79328,0.83838,0.79328,7.3
instructions_deepseekv4pro_oigd5_long_600.jsonl,none,590,0,295,295,590,0.76492,0.73185,0.76492,0.73185,23.2
instructions_deepseekv4pro_oigd5_long_600.jsonl,none,590,1,295,295,590,0.75895,0.7234,0.75895,0.7234,20.5
instructions_deepseekv4pro_oigd5_long_600.jsonl,none,590,2,295,295,590,0.79798,0.73908,0.79798,0.73908,21.3
instructions_deepseekv4pro_oigd5_long_600.jsonl,none,590,3,295,295,590,0.7787,0.72154,0.7787,0.72154,22.1
instructions_deepseekv4pro_oigd5_long_600.jsonl,none,590,4,295,295,590,0.80211,0.77644,0.80211,0.77644,20.1
instructions_deepseekv4pro_oigd5_long_600.jsonl,none,590,5,295,295,590,0.77319,0.75608,0.77319,0.75608,20.5
instructions_deepseekv4pro_oigd5_long_600.jsonl,none,590,6,295,295,590,0.76584,0.73509,0.76584,0.73509,21.0
instructions_deepseekv4pro_oigd5_long_600.jsonl,none,590,7,295,295,590,0.79063,0.73844,0.79063,0.73844,21.2
instructions_deepseekv4pro_oigd5_long_600.jsonl,none,300,0,150,150,300,0.71855,0.6599,0.71855,0.6599,12.5
instructions_deepseekv4pro_oigd5_long_600.jsonl,none,300,1,150,150,300,0.76492,0.71171,0.76492,0.71171,12.4
instructions_deepseekv4pro_oigd5_long_600.jsonl,none,300,2,150,150,300,0.79522,0.71984,0.79522,0.71984,11.9
instructions_deepseekv4pro_oigd5_long_600.jsonl,none,300,3,150,150,300,0.71947,0.68998,0.71947,0.68998,12.7
instructions_deepseekv4pro_oigd5_long_600.jsonl,none,300,4,150,150,300,0.7764,0.69742,0.7764,0.69742,12.1
instructions_deepseekv4pro_oigd5_long_600.jsonl,none,300,5,150,150,300,0.70064,0.66521,0.70064,0.66521,11.7
instructions_deepseekv4pro_oigd5_long_600.jsonl,none,300,6,150,150,300,0.7236,0.68865,0.7236,0.68865,12.6
instructions_deepseekv4pro_oigd5_long_600.jsonl,none,300,7,150,150,300,0.75207,0.68482,0.75207,0.68482,13.2
instructions_deepseekv4pro_oigd5_long_600.jsonl,none,150,0,75,75,150,0.66713,0.62647,0.66713,0.62647,7.3
instructions_deepseekv4pro_oigd5_long_600.jsonl,none,150,1,75,75,150,0.65473,0.67079,0.65473,0.67079,7.8
instructions_deepseekv4pro_oigd5_long_600.jsonl,none,150,2,75,75,150,0.61616,0.60703,0.61616,0.60703,7.8
instructions_deepseekv4pro_oigd5_long_600.jsonl,none,150,3,75,75,150,0.67034,0.63944,0.67034,0.63944,7.7
instructions_deepseekv4pro_oigd5_long_600.jsonl,none,150,4,75,75,150,0.64417,0.61601,0.64417,0.61601,7.9
instructions_deepseekv4pro_oigd5_long_600.jsonl,none,150,5,75,75,150,0.62213,0.65427,0.62213,0.65427,7.8
instructions_deepseekv4pro_oigd5_long_600.jsonl,none,150,6,75,75,150,0.72084,0.6608,0.72084,0.6608,7.9
instructions_deepseekv4pro_oigd5_long_600.jsonl,none,150,7,75,75,150,0.63912,0.61999,0.63912,0.61999,8.0
instructions_deepseekv4pro_oigd5_long_600.jsonl,none,75,0,37,38,75,0.62259,0.5727,0.62259,0.5727,5.2
instructions_deepseekv4pro_oigd5_long_600.jsonl,none,75,1,37,38,75,0.55142,0.54687,0.55142,0.54687,5.2
instructions_deepseekv4pro_oigd5_long_600.jsonl,none,75,2,37,38,75,0.55647,0.56366,0.55647,0.56366,5.5
instructions_deepseekv4pro_oigd5_long_600.jsonl,none,75,3,37,38,75,0.56933,0.5322,0.56933,0.5322,5.1
instructions_deepseekv4pro_oigd5_long_600.jsonl,none,75,4,37,38,75,0.6483,0.59927,0.6483,0.59927,5.4
instructions_deepseekv4pro_oigd5_long_600.jsonl,none,75,5,37,38,75,0.62764,0.60803,0.62764,0.60803,5.7
instructions_deepseekv4pro_oigd5_long_600.jsonl,none,75,6,37,38,75,0.55464,0.5685,0.55464,0.5685,5.4
instructions_deepseekv4pro_oigd5_long_600.jsonl,none,75,7,37,38,75,0.58448,0.55792,0.58448,0.55792,5.2
instructions_deepseekv4pro_oigd5_overlap_600.jsonl,none,590,0,295,295,590,0.86731,0.8655,0.86731,0.8655,20.7
instructions_deepseekv4pro_oigd5_overlap_600.jsonl,none,590,1,295,295,590,0.86685,0.85997,0.86685,0.85997,18.6
instructions_deepseekv4pro_oigd5_overlap_600.jsonl,none,590,2,295,295,590,0.84389,0.84021,0.84389,0.84021,18.6
instructions_deepseekv4pro_oigd5_overlap_600.jsonl,none,590,3,295,295,590,0.927,0.91306,0.927,0.91306,19.1
instructions_deepseekv4pro_oigd5_overlap_600.jsonl,none,590,4,295,295,590,0.882,0.89744,0.882,0.89744,19.4
instructions_deepseekv4pro_oigd5_overlap_600.jsonl,none,590,5,295,295,590,0.88017,0.86492,0.88017,0.86492,18.8
instructions_deepseekv4pro_oigd5_overlap_600.jsonl,none,590,6,295,295,590,0.87374,0.8528,0.87374,0.8528,19.2
instructions_deepseekv4pro_oigd5_overlap_600.jsonl,none,590,7,295,295,590,0.88751,0.87942,0.88751,0.87942,18.6
instructions_deepseekv4pro_oigd5_overlap_600.jsonl,none,300,0,150,150,300,0.76309,0.79626,0.76309,0.79626,11.1
instructions_deepseekv4pro_oigd5_overlap_600.jsonl,none,300,1,150,150,300,0.8595,0.85668,0.8595,0.85668,10.8
instructions_deepseekv4pro_oigd5_overlap_600.jsonl,none,300,2,150,150,300,0.85354,0.83659,0.85354,0.83659,11.4
instructions_deepseekv4pro_oigd5_overlap_600.jsonl,none,300,3,150,150,300,0.82048,0.83027,0.82048,0.83027,11.3
instructions_deepseekv4pro_oigd5_overlap_600.jsonl,none,300,4,150,150,300,0.882,0.85631,0.882,0.85631,15.4
instructions_deepseekv4pro_oigd5_overlap_600.jsonl,none,300,5,150,150,300,0.85399,0.86274,0.85399,0.86274,11.0
instructions_deepseekv4pro_oigd5_overlap_600.jsonl,none,300,6,150,150,300,0.82736,0.82788,0.82736,0.82788,10.6
instructions_deepseekv4pro_oigd5_overlap_600.jsonl,none,300,7,150,150,300,0.89624,0.87639,0.89624,0.87639,14.4
instructions_deepseekv4pro_oigd5_overlap_600.jsonl,none,150,0,75,75,150,0.79477,0.79546,0.79477,0.79546,11.3
instructions_deepseekv4pro_oigd5_overlap_600.jsonl,none,150,1,75,75,150,0.83976,0.84781,0.83976,0.84781,8.4
instructions_deepseekv4pro_oigd5_overlap_600.jsonl,none,150,2,75,75,150,0.80716,0.80689,0.80716,0.80689,9.1
instructions_deepseekv4pro_oigd5_overlap_600.jsonl,none,150,3,75,75,150,0.85445,0.86497,0.85445,0.86497,7.7
instructions_deepseekv4pro_oigd5_overlap_600.jsonl,none,150,4,75,75,150,0.86823,0.86029,0.86823,0.86029,8.0
instructions_deepseekv4pro_oigd5_overlap_600.jsonl,none,150,5,75,75,150,0.76354,0.78738,0.76354,0.78738,10.5
instructions_deepseekv4pro_oigd5_overlap_600.jsonl,none,150,6,75,75,150,0.78421,0.81592,0.78421,0.81592,11.2
instructions_deepseekv4pro_oigd5_overlap_600.jsonl,none,150,7,75,75,150,0.82645,0.80673,0.82645,0.80673,10.7
instructions_deepseekv4pro_oigd5_overlap_600.jsonl,none,75,0,37,38,75,0.75712,0.77123,0.75712,0.77123,8.0
instructions_deepseekv4pro_oigd5_overlap_600.jsonl,none,75,1,37,38,75,0.60147,0.64948,0.60147,0.64948,8.0
instructions_deepseekv4pro_oigd5_overlap_600.jsonl,none,75,2,37,38,75,0.69467,0.75268,0.69467,0.75268,7.2
instructions_deepseekv4pro_oigd5_overlap_600.jsonl,none,75,3,37,38,75,0.71258,0.74434,0.71258,0.74434,7.1
instructions_deepseekv4pro_oigd5_overlap_600.jsonl,none,75,4,37,38,75,0.80808,0.76825,0.80808,0.76825,7.2
instructions_deepseekv4pro_oigd5_overlap_600.jsonl,none,75,5,37,38,75,0.75712,0.77389,0.75712,0.77389,7.7
instructions_deepseekv4pro_oigd5_overlap_600.jsonl,none,75,6,37,38,75,0.67998,0.67887,0.67998,0.67887,9.9
instructions_deepseekv4pro_oigd5_overlap_600.jsonl,none,75,7,37,38,75,0.66667,0.69545,0.66667,0.69545,6.9
instructions_deepseekv4pro_oigd5_replica_600.jsonl,none,590,0,295,295,590,0.96511,0.95871,0.96511,0.95871,20.9
instructions_deepseekv4pro_oigd5_replica_600.jsonl,none,590,1,295,295,590,0.99265,0.98145,0.99265,0.98145,19.6
instructions_deepseekv4pro_oigd5_replica_600.jsonl,none,590,2,295,295,590,0.98163,0.95967,0.98163,0.95967,19.3
instructions_deepseekv4pro_oigd5_replica_600.jsonl,none,590,3,295,295,590,0.98623,0.97646,0.98623,0.97646,19.8
instructions_deepseekv4pro_oigd5_replica_600.jsonl,none,590,4,295,295,590,0.93343,0.93379,0.93343,0.93379,19.4
instructions_deepseekv4pro_oigd5_replica_600.jsonl,none,590,5,295,295,590,0.99449,0.98528,0.99449,0.98528,42.8
instructions_deepseekv4pro_oigd5_replica_600.jsonl,none,590,6,295,295,590,0.98439,0.98066,0.98439,0.98066,19.4
instructions_deepseekv4pro_oigd5_replica_600.jsonl,none,590,7,295,295,590,0.99357,0.97943,0.99357,0.97943,21.7
instructions_deepseekv4pro_oigd5_replica_600.jsonl,none,300,0,150,150,300,0.90404,0.9146,0.90404,0.9146,11.7
instructions_deepseekv4pro_oigd5_replica_600.jsonl,none,300,1,150,150,300,0.95409,0.9416,0.95409,0.9416,16.9
instructions_deepseekv4pro_oigd5_replica_600.jsonl,none,300,2,150,150,300,0.92883,0.93363,0.92883,0.93363,11.4
instructions_deepseekv4pro_oigd5_replica_600.jsonl,none,300,3,150,150,300,0.93067,0.93283,0.93067,0.93283,11.5
instructions_deepseekv4pro_oigd5_replica_600.jsonl,none,300,4,150,150,300,0.94215,0.91843,0.94215,0.91843,12.3
instructions_deepseekv4pro_oigd5_replica_600.jsonl,none,300,5,150,150,300,0.99357,0.97816,0.99357,0.97816,12.2
instructions_deepseekv4pro_oigd5_replica_600.jsonl,none,300,6,150,150,300,0.94399,0.92215,0.94399,0.92215,12.5
instructions_deepseekv4pro_oigd5_replica_600.jsonl,none,300,7,150,150,300,0.98669,0.96301,0.98669,0.96301,11.8
instructions_deepseekv4pro_oigd5_replica_600.jsonl,none,150,0,75,75,150,0.93067,0.90578,0.93067,0.90578,12.2
instructions_deepseekv4pro_oigd5_replica_600.jsonl,none,150,1,75,75,150,0.85675,0.89887,0.85675,0.89887,11.1
instructions_deepseekv4pro_oigd5_replica_600.jsonl,none,150,2,75,75,150,0.90771,0.89521,0.90771,0.89521,8.8
instructions_deepseekv4pro_oigd5_replica_600.jsonl,none,150,3,75,75,150,0.90542,0.88915,0.90542,0.88915,7.5
instructions_deepseekv4pro_oigd5_replica_600.jsonl,none,150,4,75,75,150,0.89991,0.90653,0.89991,0.90653,9.3
instructions_deepseekv4pro_oigd5_replica_600.jsonl,none,150,5,75,75,150,0.90496,0.8993,0.90496,0.8993,8.3
instructions_deepseekv4pro_oigd5_replica_600.jsonl,none,150,6,75,75,150,0.86685,0.87188,0.86685,0.87188,9.8
instructions_deepseekv4pro_oigd5_replica_600.jsonl,none,150,7,75,75,150,0.89807,0.863,0.89807,0.863,10.5
instructions_deepseekv4pro_oigd5_replica_600.jsonl,none,75,0,37,38,75,0.81038,0.80604,0.81038,0.80604,8.0
instructions_deepseekv4pro_oigd5_replica_600.jsonl,none,75,1,37,38,75,0.65152,0.67616,0.65152,0.67616,5.4
instructions_deepseekv4pro_oigd5_replica_600.jsonl,none,75,2,37,38,75,0.64509,0.69821,0.64509,0.69821,6.3
instructions_deepseekv4pro_oigd5_replica_600.jsonl,none,75,3,37,38,75,0.76722,0.76087,0.76722,0.76087,8.4
instructions_deepseekv4pro_oigd5_replica_600.jsonl,none,75,4,37,38,75,0.83747,0.81608,0.83747,0.81608,9.9
instructions_deepseekv4pro_oigd5_replica_600.jsonl,none,75,5,37,38,75,0.71855,0.69736,0.71855,0.69736,7.2
instructions_deepseekv4pro_oigd5_replica_600.jsonl,none,75,6,37,38,75,0.58724,0.67409,0.58724,0.67409,5.0
instructions_deepseekv4pro_oigd5_replica_600.jsonl,none,75,7,37,38,75,0.80992,0.79456,0.80992,0.79456,8.0
instructions_deepseekv4pro_oigd5_domains_600.jsonl,none+ga1,40,0,20,20,40,0.80992,0.74349,0.80992,0.74349,8.1
instructions_deepseekv4pro_oigd5_domains_600.jsonl,none+ga1,40,1,20,20,40,0.74426,0.68881,0.74426,0.68881,5.5
instructions_deepseekv4pro_oigd5_domains_600.jsonl,none+ga1,40,2,20,20,40,0.67998,0.6489,0.67998,0.6489,5.3
instructions_deepseekv4pro_oigd5_domains_600.jsonl,none+ga1,40,3,20,20,40,0.66713,0.66931,0.66713,0.66931,5.9
instructions_deepseekv4pro_oigd5_domains_600.jsonl,none+ga1,40,4,20,20,40,0.69605,0.70156,0.69605,0.70156,7.0
instructions_deepseekv4pro_oigd5_domains_600.jsonl,none+ga1,40,5,20,20,40,0.70523,0.67095,0.70523,0.67095,5.4
instructions_deepseekv4pro_oigd5_domains_600.jsonl,none+ga1,40,6,20,20,40,0.8292,0.79079,0.8292,0.79079,5.7
instructions_deepseekv4pro_oigd5_domains_600.jsonl,none+ga1,40,7,20,20,40,0.74013,0.66856,0.74013,0.66856,5.5
instructions_deepseekv4pro_oigd5_domains_600.jsonl,none+ga1,20,0,10,10,20,0.74426,0.64029,0.74426,0.64029,4.6
instructions_deepseekv4pro_oigd5_domains_600.jsonl,none+ga1,20,1,10,10,20,0.63499,0.65161,0.63499,0.65161,4.7
instructions_deepseekv4pro_oigd5_domains_600.jsonl,none+ga1,20,2,10,10,20,0.69927,0.65953,0.69927,0.65953,4.4
instructions_deepseekv4pro_oigd5_domains_600.jsonl,none+ga1,20,3,10,10,20,0.65565,0.61298,0.65565,0.61298,4.7
instructions_deepseekv4pro_oigd5_domains_600.jsonl,none+ga1,20,4,10,10,20,0.63223,0.66532,0.63223,0.66532,4.2
instructions_deepseekv4pro_oigd5_domains_600.jsonl,none+ga1,20,5,10,10,20,0.60514,0.62674,0.60514,0.62674,4.3
instructions_deepseekv4pro_oigd5_domains_600.jsonl,none+ga1,20,6,10,10,20,0.66391,0.68318,0.66391,0.68318,4.4
instructions_deepseekv4pro_oigd5_domains_600.jsonl,none+ga1,20,7,10,10,20,0.67309,0.61292,0.67309,0.61292,4.6
instructions_deepseekv4pro_oigd5_domains_600.jsonl,none+ga1,10,0,5,5,10,0.54224,0.56223,0.54224,0.56223,3.8
instructions_deepseekv4pro_oigd5_domains_600.jsonl,none+ga1,10,1,5,5,10,0.67172,0.60788,0.67172,0.60788,3.8
instructions_deepseekv4pro_oigd5_domains_600.jsonl,none+ga1,10,2,5,5,10,0.71947,0.65512,0.71947,0.65512,4.0
instructions_deepseekv4pro_oigd5_domains_600.jsonl,none+ga1,10,3,5,5,10,0.66621,0.60596,0.66621,0.60596,3.8
instructions_deepseekv4pro_oigd5_domains_600.jsonl,none+ga1,10,4,5,5,10,0.59275,0.6032,0.59275,0.6032,3.8
instructions_deepseekv4pro_oigd5_domains_600.jsonl,none+ga1,10,5,5,5,10,0.59229,0.57302,0.59229,0.57302,4.1
instructions_deepseekv4pro_oigd5_domains_600.jsonl,none+ga1,10,6,5,5,10,0.67355,0.6134,0.67355,0.6134,8.9
instructions_deepseekv4pro_oigd5_domains_600.jsonl,none+ga1,10,7,5,5,10,0.68687,0.66452,0.68687,0.66452,4.1
instructions_deepseekv4pro_oigd5_failmodes_600.jsonl,none+ga1,40,0,20,20,40,0.5978,0.62403,0.5978,0.62403,8.1
instructions_deepseekv4pro_oigd5_failmodes_600.jsonl,none+ga1,40,1,20,20,40,0.63315,0.58561,0.63315,0.58561,5.2
instructions_deepseekv4pro_oigd5_failmodes_600.jsonl,none+ga1,40,2,20,20,40,0.69743,0.70321,0.69743,0.70321,5.8
instructions_deepseekv4pro_oigd5_failmodes_600.jsonl,none+ga1,40,3,20,20,40,0.73737,0.75125,0.73737,0.75125,6.8
instructions_deepseekv4pro_oigd5_failmodes_600.jsonl,none+ga1,40,4,20,20,40,0.64417,0.59672,0.64417,0.59672,9.4
instructions_deepseekv4pro_oigd5_failmodes_600.jsonl,none+ga1,40,5,20,20,40,0.63912,0.58752,0.63912,0.58752,5.4
instructions_deepseekv4pro_oigd5_failmodes_600.jsonl,none+ga1,40,6,20,20,40,0.82691,0.71729,0.82691,0.71729,6.0
instructions_deepseekv4pro_oigd5_failmodes_600.jsonl,none+ga1,40,7,20,20,40,0.81359,0.78568,0.81359,0.78568,5.8
instructions_deepseekv4pro_oigd5_failmodes_600.jsonl,none+ga1,20,0,10,10,20,0.6157,0.60474,0.6157,0.60474,9.8
instructions_deepseekv4pro_oigd5_failmodes_600.jsonl,none+ga1,20,1,10,10,20,0.57759,0.54395,0.57759,0.54395,4.4
instructions_deepseekv4pro_oigd5_failmodes_600.jsonl,none+ga1,20,2,10,10,20,0.61111,0.57158,0.61111,0.57158,4.5
instructions_deepseekv4pro_oigd5_failmodes_600.jsonl,none+ga1,20,3,10,10,20,0.5877,0.56584,0.5877,0.56584,4.1
instructions_deepseekv4pro_oigd5_failmodes_600.jsonl,none+ga1,20,4,10,10,20,0.67355,0.64332,0.67355,0.64332,5.2
instructions_deepseekv4pro_oigd5_failmodes_600.jsonl,none+ga1,20,5,10,10,20,0.59137,0.58917,0.59137,0.58917,4.5
instructions_deepseekv4pro_oigd5_failmodes_600.jsonl,none+ga1,20,6,10,10,20,0.67172,0.62594,0.67172,0.62594,4.7
instructions_deepseekv4pro_oigd5_failmodes_600.jsonl,none+ga1,20,7,10,10,20,0.55647,0.61999,0.55647,0.61999,4.3
instructions_deepseekv4pro_oigd5_failmodes_600.jsonl,none+ga1,10,0,5,5,10,0.59229,0.56451,0.59229,0.56451,3.7
instructions_deepseekv4pro_oigd5_failmodes_600.jsonl,none+ga1,10,1,5,5,10,0.56979,0.56961,0.56979,0.56961,3.8
instructions_deepseekv4pro_oigd5_failmodes_600.jsonl,none+ga1,10,2,5,5,10,0.59596,0.60049,0.59596,0.60049,3.9
instructions_deepseekv4pro_oigd5_failmodes_600.jsonl,none+ga1,10,3,5,5,10,0.62443,0.60405,0.62443,0.60405,4.3
instructions_deepseekv4pro_oigd5_failmodes_600.jsonl,none+ga1,10,4,5,5,10,0.56061,0.58928,0.56061,0.58928,3.7
instructions_deepseekv4pro_oigd5_failmodes_600.jsonl,none+ga1,10,5,5,5,10,0.59458,0.57668,0.59458,0.57668,4.0
instructions_deepseekv4pro_oigd5_failmodes_600.jsonl,none+ga1,10,6,5,5,10,0.61111,0.57509,0.61111,0.57509,4.0
instructions_deepseekv4pro_oigd5_failmodes_600.jsonl,none+ga1,10,7,5,5,10,0.61387,0.56696,0.61387,0.56696,4.1
instructions_deepseekv4pro_oigd5_long_600.jsonl,none+ga1,40,0,20,20,40,0.62213,0.59454,0.62213,0.59454,7.3
instructions_deepseekv4pro_oigd5_long_600.jsonl,none+ga1,40,1,20,20,40,0.57117,0.59289,0.57117,0.59289,5.1
instructions_deepseekv4pro_oigd5_long_600.jsonl,none+ga1,40,2,20,20,40,0.59826,0.60251,0.59826,0.60251,5.0
instructions_deepseekv4pro_oigd5_long_600.jsonl,none+ga1,40,3,20,20,40,0.62121,0.57466,0.62121,0.57466,5.3
instructions_deepseekv4pro_oigd5_long_600.jsonl,none+ga1,40,4,20,20,40,0.5932,0.5812,0.5932,0.5812,5.3
instructions_deepseekv4pro_oigd5_long_600.jsonl,none+ga1,40,5,20,20,40,0.59091,0.56781,0.59091,0.56781,5.3
instructions_deepseekv4pro_oigd5_long_600.jsonl,none+ga1,40,6,20,20,40,0.59458,0.58577,0.59458,0.58577,5.2
instructions_deepseekv4pro_oigd5_long_600.jsonl,none+ga1,40,7,20,20,40,0.60606,0.59672,0.60606,0.59672,5.3
instructions_deepseekv4pro_oigd5_long_600.jsonl,none+ga1,20,0,10,10,20,0.52893,0.55452,0.52893,0.55452,4.2
instructions_deepseekv4pro_oigd5_long_600.jsonl,none+ga1,20,1,10,10,20,0.5854,0.57323,0.5854,0.57323,4.2
instructions_deepseekv4pro_oigd5_long_600.jsonl,none+ga1,20,2,10,10,20,0.53994,0.54687,0.53994,0.54687,4.3
instructions_deepseekv4pro_oigd5_long_600.jsonl,none+ga1,20,3,10,10,20,0.5955,0.58593,0.5955,0.58593,4.2
instructions_deepseekv4pro_oigd5_long_600.jsonl,none+ga1,20,4,10,10,20,0.55418,0.59581,0.55418,0.59581,4.2
instructions_deepseekv4pro_oigd5_long_600.jsonl,none+ga1,20,5,10,10,20,0.56749,0.55744,0.56749,0.55744,4.1
instructions_deepseekv4pro_oigd5_long_600.jsonl,none+ga1,20,6,10,10,20,0.573,0.57238,0.573,0.57238,4.2
instructions_deepseekv4pro_oigd5_long_600.jsonl,none+ga1,20,7,10,10,20,0.57117,0.54113,0.57117,0.54113,4.3
instructions_deepseekv4pro_oigd5_long_600.jsonl,none+ga1,10,0,5,5,10,0.52433,0.5414,0.52433,0.5414,3.7
instructions_deepseekv4pro_oigd5_long_600.jsonl,none+ga1,10,1,5,5,10,0.59458,0.57955,0.59458,0.57955,3.7
instructions_deepseekv4pro_oigd5_long_600.jsonl,none+ga1,10,2,5,5,10,0.6382,0.59108,0.6382,0.59108,4.2
instructions_deepseekv4pro_oigd5_long_600.jsonl,none+ga1,10,3,5,5,10,0.56198,0.55325,0.56198,0.55325,4.0
instructions_deepseekv4pro_oigd5_long_600.jsonl,none+ga1,10,4,5,5,10,0.57989,0.58481,0.57989,0.58481,3.8
instructions_deepseekv4pro_oigd5_long_600.jsonl,none+ga1,10,5,5,5,10,0.59917,0.55915,0.59917,0.55915,4.1
instructions_deepseekv4pro_oigd5_long_600.jsonl,none+ga1,10,6,5,5,10,0.50872,0.55489,0.50872,0.55489,3.8
instructions_deepseekv4pro_oigd5_long_600.jsonl,none+ga1,10,7,5,5,10,0.58402,0.57302,0.58402,0.57302,4.0
instructions_deepseekv4pro_oigd5_overlap_600.jsonl,none+ga1,40,0,20,20,40,0.7787,0.71634,0.7787,0.71634,9.0
instructions_deepseekv4pro_oigd5_overlap_600.jsonl,none+ga1,40,1,20,20,40,0.59229,0.63407,0.59229,0.63407,5.5
instructions_deepseekv4pro_oigd5_overlap_600.jsonl,none+ga1,40,2,20,20,40,0.81221,0.72362,0.81221,0.72362,6.0
instructions_deepseekv4pro_oigd5_overlap_600.jsonl,none+ga1,40,3,20,20,40,0.66804,0.63312,0.66804,0.63312,7.5
instructions_deepseekv4pro_oigd5_overlap_600.jsonl,none+ga1,40,4,20,20,40,0.6483,0.66463,0.6483,0.66463,8.8
instructions_deepseekv4pro_oigd5_overlap_600.jsonl,none+ga1,40,5,20,20,40,0.59688,0.62701,0.59688,0.62701,5.0
instructions_deepseekv4pro_oigd5_overlap_600.jsonl,none+ga1,40,6,20,20,40,0.66713,0.68865,0.66713,0.68865,11.2
instructions_deepseekv4pro_oigd5_overlap_600.jsonl,none+ga1,40,7,20,20,40,0.65427,0.60548,0.65427,0.60548,5.5
instructions_deepseekv4pro_oigd5_overlap_600.jsonl,none+ga1,20,0,10,10,20,0.48898,0.489,0.48898,0.489,4.3
instructions_deepseekv4pro_oigd5_overlap_600.jsonl,none+ga1,20,1,10,10,20,0.62259,0.57796,0.62259,0.57796,5.0
instructions_deepseekv4pro_oigd5_overlap_600.jsonl,none+ga1,20,2,10,10,20,0.61616,0.60378,0.61616,0.60378,4.9
instructions_deepseekv4pro_oigd5_overlap_600.jsonl,none+ga1,20,3,10,10,20,0.58035,0.55569,0.58035,0.55569,4.5
instructions_deepseekv4pro_oigd5_overlap_600.jsonl,none+ga1,20,4,10,10,20,0.57668,0.58088,0.57668,0.58088,4.2
instructions_deepseekv4pro_oigd5_overlap_600.jsonl,none+ga1,20,5,10,10,20,0.62259,0.59911,0.62259,0.59911,4.5
instructions_deepseekv4pro_oigd5_overlap_600.jsonl,none+ga1,20,6,10,10,20,0.545,0.53815,0.545,0.53815,4.2
instructions_deepseekv4pro_oigd5_overlap_600.jsonl,none+ga1,20,7,10,10,20,0.50092,0.52041,0.50092,0.52041,4.4
instructions_deepseekv4pro_oigd5_overlap_600.jsonl,none+ga1,10,0,5,5,10,0.6079,0.61803,0.6079,0.61803,4.1
instructions_deepseekv4pro_oigd5_overlap_600.jsonl,none+ga1,10,1,5,5,10,0.56703,0.54591,0.56703,0.54591,3.9
instructions_deepseekv4pro_oigd5_overlap_600.jsonl,none+ga1,10,2,5,5,10,0.57392,0.56903,0.57392,0.56903,3.7
instructions_deepseekv4pro_oigd5_overlap_600.jsonl,none+ga1,10,3,5,5,10,0.59826,0.56255,0.59826,0.56255,3.9
instructions_deepseekv4pro_oigd5_overlap_600.jsonl,none+ga1,10,4,5,5,10,0.59091,0.57216,0.59091,0.57216,3.8
instructions_deepseekv4pro_oigd5_overlap_600.jsonl,none+ga1,10,5,5,5,10,0.57484,0.5575,0.57484,0.5575,4.1
instructions_deepseekv4pro_oigd5_overlap_600.jsonl,none+ga1,10,6,5,5,10,0.68641,0.66909,0.68641,0.66909,5.0
instructions_deepseekv4pro_oigd5_overlap_600.jsonl,none+ga1,10,7,5,5,10,0.50321,0.51552,0.50321,0.51552,3.9
instructions_deepseekv4pro_oigd5_replica_600.jsonl,none+ga1,40,0,20,20,40,0.65427,0.67159,0.65427,0.67159,5.1
instructions_deepseekv4pro_oigd5_replica_600.jsonl,none+ga1,40,1,20,20,40,0.68182,0.70778,0.68182,0.70778,10.3
instructions_deepseekv4pro_oigd5_replica_600.jsonl,none+ga1,40,2,20,20,40,0.73921,0.70688,0.73921,0.70688,10.0
instructions_deepseekv4pro_oigd5_replica_600.jsonl,none+ga1,40,3,20,20,40,0.71993,0.74105,0.71993,0.74105,5.5
instructions_deepseekv4pro_oigd5_replica_600.jsonl,none+ga1,40,4,20,20,40,0.74197,0.70523,0.74197,0.70523,5.2
instructions_deepseekv4pro_oigd5_replica_600.jsonl,none+ga1,40,5,20,20,40,0.79155,0.8037,0.79155,0.8037,6.0
instructions_deepseekv4pro_oigd5_replica_600.jsonl,none+ga1,40,6,20,20,40,0.61616,0.7123,0.61616,0.7123,4.9
instructions_deepseekv4pro_oigd5_replica_600.jsonl,none+ga1,40,7,20,20,40,0.64417,0.73988,0.64417,0.73988,10.1
instructions_deepseekv4pro_oigd5_replica_600.jsonl,none+ga1,20,0,10,10,20,0.58815,0.60777,0.58815,0.60777,4.4
instructions_deepseekv4pro_oigd5_replica_600.jsonl,none+ga1,20,1,10,10,20,0.58861,0.61266,0.58861,0.61266,4.4
instructions_deepseekv4pro_oigd5_replica_600.jsonl,none+ga1,20,2,10,10,20,0.5753,0.61457,0.5753,0.61457,4.3
instructions_deepseekv4pro_oigd5_replica_600.jsonl,none+ga1,20,3,10,10,20,0.61433,0.63907,0.61433,0.63907,4.2
instructions_deepseekv4pro_oigd5_replica_600.jsonl,none+ga1,20,4,10,10,20,0.64371,0.6295,0.64371,0.6295,4.6
instructions_deepseekv4pro_oigd5_replica_600.jsonl,none+ga1,20,5,10,10,20,0.58999,0.62334,0.58999,0.62334,4.2
instructions_deepseekv4pro_oigd5_replica_600.jsonl,none+ga1,20,6,10,10,20,0.67952,0.62961,0.67952,0.62961,4.5
instructions_deepseekv4pro_oigd5_replica_600.jsonl,none+ga1,20,7,10,10,20,0.57392,0.57796,0.57392,0.57796,4.2
instructions_deepseekv4pro_oigd5_replica_600.jsonl,none+ga1,10,0,5,5,10,0.65197,0.67207,0.65197,0.67207,3.8
instructions_deepseekv4pro_oigd5_replica_600.jsonl,none+ga1,10,1,5,5,10,0.50918,0.53125,0.50918,0.53125,3.8
instructions_deepseekv4pro_oigd5_replica_600.jsonl,none+ga1,10,2,5,5,10,0.55923,0.58556,0.55923,0.58556,3.9
instructions_deepseekv4pro_oigd5_replica_600.jsonl,none+ga1,10,3,5,5,10,0.60101,0.57503,0.60101,0.57503,3.9
instructions_deepseekv4pro_oigd5_replica_600.jsonl,none+ga1,10,4,5,5,10,0.61938,0.60038,0.61938,0.60038,3.8
instructions_deepseekv4pro_oigd5_replica_600.jsonl,none+ga1,10,5,5,5,10,0.55464,0.56706,0.55464,0.56706,3.7
instructions_deepseekv4pro_oigd5_replica_600.jsonl,none+ga1,10,6,5,5,10,0.573,0.59523,0.573,0.59523,3.9
instructions_deepseekv4pro_oigd5_replica_600.jsonl,none+ga1,10,7,5,5,10,0.58264,0.58513,0.58264,0.58513,4.1
